customer_id,first_name,last_name,email,phone,city,registration_date,customer_type
1,Steven,Nguyen,carpenterkimberly@example.net,(213)438-4237x39155,Adamsfurt,2024-05-21,VIP
2,Glenda,Howell,ogibson@example.net,820.976.3640x9461,Lake Colin,2023-10-19,VIP
3,Abigail,Jones,stephaniehenry@example.org,001-608-695-5425x169,Lake Samanthaborough,2024-05-29,Premium
4,Ashley,Martinez,gilbert87@example.com,(710)328-6592x7190,Priceside,2025-08-14,Regular
5,Jennifer,Mcconnell,pcastro@example.net,951.743.1882x9422,Freemanberg,2024-12-06,Regular
6,Thomas,Hawkins,escobargary@example.com,507-895-3740x59038,Lake Amandaburgh,2025-05-30,VIP
7,John,Byrd,matthewcarter@example.org,317-405-5154,West Heidiland,2024-10-08,Premium
8,Mark,Cohen,dixonkrista@example.org,488.999.3341x1718,West Kelly,2024-10-04,VIP
9,Brandon,Ross,slopez@example.org,+1-920-325-3075x175,Gilbertmouth,2024-01-13,Premium
10,Joanna,Rodriguez,vcarr@example.com,+1-975-498-1958,Lake Joshua,2024-04-12,VIP
11,Deanna,Calhoun,edward97@example.com,(730)934-6931x27031,Lambertstad,2025-05-24,Premium
12,Julie,Gould,jaimecameron@example.net,294-263-7720x724,North Jeffreymouth,2023-12-11,VIP
13,Kenneth,Smith,william32@example.net,001-612-566-9972x6761,Nicoleton,2024-01-30,Premium
14,Monique,Johnson,fburns@example.net,837-924-1987x6267,East Alexandra,2024-12-05,Regular
15,Brenda,Horn,williamsjessica@example.org,(526)694-1355x511,Thomasport,2024-07-03,Regular
16,Adam,Cabrera,carrieosborne@example.org,701-410-1031x43994,South Jenniferland,2025-08-10,Premium
17,Debra,Suarez,harveyjuan@example.net,001-458-478-4773x630,North Jason,2024-11-08,VIP
18,Stephen,Bowers,christina10@example.net,961.598.7089,North Josephton,2024-04-02,Premium
19,Belinda,Howard,burnettkathleen@example.com,484.679.2483,East Josephborough,2024-07-20,VIP
20,Timothy,Kirby,kayla51@example.com,9299416491,Port Andrewburgh,2024-06-26,Premium
21,Paula,Mitchell,kmitchell@example.com,(791)445-7195,Port Jackiebury,2024-01-18,Regular
22,Alan,Lin,bryantchristopher@example.net,9105128126,Christopherview,2024-10-05,VIP
23,Joel,Castillo,justin35@example.com,001-776-579-2391x24214,Wrightbury,2024-07-23,Regular
24,Jennifer,Brooks,jacob82@example.com,658-907-7709,Wilsontown,2023-10-09,Regular
25,David,Bean,edwinfoster@example.net,769-286-7139,North Lauraland,2025-03-22,Regular
26,James,Baker,reginaldrichard@example.org,263-911-4642,Mendozastad,2023-11-22,Regular
27,Jennifer,Day,njohnson@example.net,366-414-9693x952,South Tiffanymouth,2025-07-04,Premium
28,Ryan,Brown,michealhawkins@example.net,001-401-725-4063x522,Ryanport,2023-12-06,Premium
29,William,Little,myersbrenda@example.org,001-373-570-8905x66279,Ryanstad,2025-08-17,VIP
30,Jennifer,Daniels,farmertristan@example.com,570.411.7544x1891,Newtonshire,2023-11-03,Regular
31,William,Ruiz,bruce96@example.org,6274180593,New Laura,2024-10-10,VIP
32,Anne,Patterson,taylorthomas@example.org,001-228-746-8486x3312,Peterfort,2023-11-14,VIP
33,Robert,Russell,timothymurphy@example.net,(612)648-0916,East Audrey,2024-09-22,Regular
34,Robert,Sanchez,bwilliams@example.org,(284)625-9007x571,Paulport,2025-03-23,Premium
35,Maria,Morales,jonesjason@example.org,(560)930-7321x55644,South Brianbury,2024-07-30,Premium
36,Brian,Young,swhite@example.org,524-842-4661x576,Port Nicholas,2025-07-10,Regular
37,Lisa,Trevino,kellyrussell@example.org,001-617-237-3907x77829,Lake Erin,2024-05-05,Premium
38,Rebecca,Fischer,eric42@example.com,448-970-6236x6749,West Danielbury,2025-02-05,Regular
39,Lucas,Moran,matthew01@example.net,463-947-4016x6307,Paigetown,2024-07-14,Premium
40,John,Miller,brendataylor@example.com,(483)444-1658,Jamesville,2024-12-05,Regular
41,Leonard,Stewart,aguirregerald@example.com,+1-296-763-5259x507,West Nicholasborough,2025-09-24,VIP
42,Justin,Mercer,carly65@example.org,+1-925-247-9018,Lake Jeffrey,2025-04-30,VIP
43,David,Santos,amandaflores@example.net,(791)726-6839x15727,Mckenziestad,2024-05-23,Premium
44,Tyler,Burton,heatherstanley@example.net,(849)753-8232x6918,South Gordon,2025-01-04,Premium
45,Louis,Vaughn,tranalexander@example.com,498.797.2979x14743,South Timothymouth,2023-12-05,Premium
46,Ryan,Velasquez,oconnorandrew@example.org,(937)489-9474,South Michelle,2024-10-28,VIP
47,Miguel,Barrera,genebanks@example.org,8472045525,East Bettyville,2024-05-23,Premium
48,Anthony,Parsons,goldenfrank@example.net,(852)494-9661,Dianeburgh,2024-03-04,VIP
49,Jeffrey,Shields,stephenflores@example.net,001-355-500-0684x5950,North Dana,2024-12-31,Premium
50,Robert,Hammond,johnnywarren@example.org,001-314-868-6467x80090,Port Katiehaven,2024-01-20,Regular
51,Bradley,Herring,lynchphilip@example.net,(594)760-0211,New Kimberly,2025-05-04,Premium
52,Jacob,Rogers,samantha72@example.org,(879)774-3832x78507,New Ryanland,2025-04-23,Regular
53,Elizabeth,Griffin,hicksmark@example.com,4176153292,Lake Garrettborough,2025-04-16,VIP
54,Scott,Allen,foxchristian@example.com,836-511-7648x749,Coryberg,2024-02-01,VIP
55,Ronnie,Wilkerson,ccastro@example.net,888.864.2605,New Amy,2023-10-15,Premium
56,Jill,Strong,rebeccaaguirre@example.org,2617607971,North Stephen,2024-03-20,Regular
57,Eduardo,Nelson,uvelasquez@example.org,350.320.4098x9635,Westbury,2024-12-17,VIP
58,Laura,Lewis,gardnerjames@example.net,001-630-692-6497x1521,Mejiaberg,2025-02-13,VIP
59,Frank,Larsen,mkrause@example.org,904-499-6027,Tannerborough,2024-07-16,VIP
60,Kathleen,Delgado,tammyhernandez@example.com,(570)331-2625x443,Lisatown,2023-12-14,Premium
61,David,Berry,jennifergomez@example.net,+1-520-542-7542x281,West Teresa,2025-05-27,VIP
62,Bryan,Webster,mariaadams@example.org,001-225-928-9086x36473,West Colleen,2024-10-19,Regular
63,Alexandra,Bass,estephens@example.net,7309219001,Milesside,2025-07-21,VIP
64,Molly,Herman,michaelramos@example.org,(744)823-2786x51081,Martinezchester,2025-07-05,VIP
65,Erika,Morris,zlee@example.com,(934)540-9650x739,West Aaronburgh,2024-05-22,VIP
66,Sue,Jacobs,audrey96@example.com,478.521.3415x73355,West Julieburgh,2024-05-30,Premium
67,Phyllis,Carter,fowlerbeth@example.org,001-957-219-1116x049,Harrisburgh,2024-04-24,Regular
68,Amanda,Ball,perezbethany@example.org,001-241-323-0430x1206,Carrilloville,2023-11-13,VIP
69,Nicole,Richardson,garyvalencia@example.org,8842718750,Kathleenfurt,2024-11-13,Premium
70,Todd,Alvarez,carlaholloway@example.com,001-439-857-3342x01958,West Wesleyborough,2025-06-01,Premium
71,Steve,Jackson,kimberlybrooks@example.com,(752)542-4785x73530,Lindseyfurt,2025-09-11,VIP
72,Jenna,Barnes,gloveramy@example.org,001-641-234-0466x03168,Howardton,2024-03-19,VIP
73,Peter,Holden,brandythompson@example.net,6986654984,Martinland,2024-09-08,Premium
74,Daniel,Wells,randallmurray@example.net,554.496.9469,Andersentown,2023-10-15,Regular
75,Rita,Solis,christopher86@example.org,001-701-898-3487x62462,Osborneview,2025-03-28,VIP
76,Kristin,Benson,wardedward@example.net,001-938-298-6997x9344,Seanmouth,2025-01-28,VIP
77,Mary,Esparza,hmoreno@example.com,(660)257-7057,Jenniferfurt,2025-02-15,VIP
78,Ryan,Ortega,noah64@example.org,481.361.9794x5037,North Melissaborough,2025-08-02,VIP
79,Thomas,Serrano,hollyhernandez@example.org,787.993.7262x4020,Webbstad,2024-03-20,Premium
80,Gerald,Hampton,jennycox@example.org,(728)858-6016x035,West Karenmouth,2025-07-17,Premium
81,Nicole,Olson,melissa56@example.net,546.337.5348x7579,New Maryberg,2024-10-23,Regular
82,Tammy,Owen,nicholas44@example.org,796-607-4362x2063,Cassandraberg,2024-10-20,VIP
83,Anthony,Edwards,dnash@example.net,366.355.9880x2533,South Paulville,2025-08-23,Regular
84,Anthony,Johnson,hmoore@example.net,511-207-5015x9425,New Emilyborough,2025-04-01,Premium
85,Jason,Duncan,phillipwong@example.com,+1-798-765-5858x36577,South Jacobburgh,2023-12-17,Premium
86,Benjamin,Scott,berryamy@example.com,+1-262-502-9576x3941,Monicafurt,2025-09-08,Premium
87,Shawn,Aguirre,kevin76@example.net,8609845724,East Lori,2025-01-08,Premium
88,Miguel,Thornton,clifford45@example.org,662.534.0161x89493,East Rebeccatown,2024-05-11,Premium
89,Autumn,Murray,reyesralph@example.org,266-790-7357x3516,New Christian,2024-01-08,VIP
90,Jeremy,Carlson,brian34@example.org,(653)334-1904x655,North William,2025-01-29,Regular
91,Luis,Evans,christopher83@example.org,001-771-477-4199x3101,New Nicole,2025-01-14,VIP
92,Karen,Rios,yharmon@example.net,(691)523-4635,North Erik,2024-11-29,Regular
93,Jill,Hoover,angelabrown@example.org,(542)769-8351,Edwardsmouth,2024-03-07,Regular
94,Christine,Eaton,gonzalesjulia@example.org,(864)415-0635x827,Ramosborough,2025-03-14,VIP
95,Jose,Brown,fernando71@example.org,900.364.4505x84660,Cervantesport,2024-01-04,Regular
96,John,Smith,syoung@example.org,(871)346-2718,New Christopher,2023-10-07,Premium
97,Michelle,Peterson,flowerskrystal@example.net,620-986-7874x635,Westchester,2023-11-27,Premium
98,Elizabeth,Stewart,idavis@example.com,729-839-1293x680,Lake Tara,2023-11-09,Premium
99,Robert,Myers,olsonchristopher@example.net,(532)224-7452x8240,Rowlandview,2023-12-31,Premium
100,Amber,Smith,pattersongregory@example.org,342-778-5672,Amyberg,2024-02-15,Regular
101,Jamie,Solomon,masonthomas@example.org,(256)628-3618x178,Lake David,2023-10-19,Regular
102,Carrie,Williams,wagnerphilip@example.net,001-774-645-5503,North Tyler,2023-11-02,Regular
103,Shelby,Mcfarland,hoodsteven@example.com,+1-319-840-1990x82958,Port Jonathanstad,2024-02-11,VIP
104,Dominic,Webster,mdawson@example.org,(946)836-3122x2994,New Wyatt,2025-03-01,Premium
105,Matthew,Snyder,steeletimothy@example.org,(979)309-5118x86706,Port Kimberlyfurt,2024-09-27,Premium
106,Marcus,Torres,bellangela@example.com,568.558.0043,Santiagoville,2025-05-12,Premium
107,Olivia,Edwards,jenniferwhitaker@example.org,746-301-0294,South Jeffreyfort,2024-04-22,VIP
108,Robert,Lawson,tsmith@example.com,662-974-1912,New Robert,2024-09-26,VIP
109,Chad,Allen,randy09@example.net,001-343-373-3373x34416,South John,2024-05-01,Premium
110,Brenda,Burke,beanvictoria@example.com,(671)584-1317,Wallacebury,2025-09-07,Premium
111,Lauren,Reyes,arroyotamara@example.org,910-382-1818x86153,West Jorge,2023-11-05,Regular
112,Danielle,Russell,luke78@example.org,+1-494-527-1519x85297,New Jenniferchester,2024-09-01,VIP
113,Jamie,Turner,ayoung@example.net,(663)461-3208x52425,Kaylaburgh,2024-12-17,Regular
114,Heather,Booker,davidadams@example.com,(634)436-9101x898,North Richardstad,2024-04-09,Premium
115,Gregory,Dunn,brownkristen@example.com,957-506-4158,Johnsonfurt,2024-04-01,VIP
116,Daniel,Jones,blackwellsteven@example.org,001-253-904-2692,Jonesfurt,2025-03-24,Premium
117,Barry,White,denise56@example.net,436.672.4557x554,South Amanda,2024-12-12,VIP
118,Hayden,Wells,rcooper@example.com,338-929-9812x28479,Floresfurt,2025-09-24,VIP
119,Joseph,West,bryantmatthew@example.com,+1-797-800-5665x0956,Lake Jacqueline,2023-10-09,VIP
120,Austin,Williams,olsonlaura@example.net,001-367-877-2622x4364,Caroltown,2024-11-04,Premium
121,Charles,Herrera,perezcheryl@example.com,001-699-370-1710x797,Lopezborough,2024-02-23,VIP
122,Margaret,Ward,corey58@example.net,387-937-5751x7874,Danielleton,2024-07-08,Premium
123,Cathy,Willis,jessica38@example.org,452.397.0577,Andrewfort,2024-10-17,Premium
124,Jay,Thornton,calebhawkins@example.com,214.840.6085x5111,East Russell,2025-01-25,Premium
125,Elizabeth,Brown,brandonschmidt@example.com,(682)462-7881x46786,Adamchester,2023-12-07,VIP
126,Debra,Beltran,kimberlymurray@example.net,+1-359-323-4865x1512,West Laurafort,2024-04-14,VIP
127,Sydney,Johnson,stephensonjoshua@example.org,351-923-4486,South Lauren,2025-05-06,VIP
128,Victoria,Dominguez,alvarezbrady@example.com,6786503854,Port Courtneychester,2024-09-06,Regular
129,Miranda,Perkins,julie44@example.net,527-412-7294,Lake Samantha,2025-08-29,Premium
130,William,Valdez,hprince@example.com,+1-462-742-8875x873,Melvinland,2024-04-17,VIP
131,Annette,Fowler,christopherkhan@example.com,236-656-1990,West Samuelville,2024-09-29,Regular
132,Paula,Wang,zchung@example.org,001-480-472-3149,East Teresa,2025-04-08,VIP
133,Dana,Payne,fordjoseph@example.net,+1-415-691-9439x38986,Ortizshire,2024-03-09,Regular
134,Elizabeth,Clark,mcneilbrian@example.com,456-401-5495x708,Stevenfurt,2023-11-10,Regular
135,Courtney,Carr,stacycline@example.com,(875)524-7532,Jacksonburgh,2024-07-23,Premium
136,Steven,Lewis,samuelruiz@example.com,443-820-2835x693,West Breannaport,2025-03-25,Premium
137,Bobby,Preston,vcombs@example.com,397-966-6656x8784,Mcdonaldview,2024-09-19,Regular
138,Christopher,Carpenter,herrerajamie@example.org,(467)978-5277,West Brianton,2024-07-20,Premium
139,Donna,Ochoa,brianrodgers@example.com,+1-490-256-3656,Webbville,2023-12-25,Regular
140,Christopher,Walker,ortegadominique@example.org,634-506-2223,Annaberg,2024-08-12,Regular
141,Patricia,Olson,ehouston@example.com,+1-589-266-3005x9699,Amychester,2025-09-06,Premium
142,David,Todd,garybrown@example.org,(681)308-3519x534,West Jeffreymouth,2023-12-23,Regular
143,Larry,Noble,fsmith@example.com,539.861.3355,Normanhaven,2025-05-18,VIP
144,Lori,Rodriguez,amberroy@example.com,001-519-669-7733,Jaymouth,2025-09-15,Premium
145,Heather,Kelly,wintersmichelle@example.com,592.515.1393,Evanston,2024-12-09,Premium
146,Jimmy,Smith,rodrigueztammy@example.com,361-875-6065x398,West Paul,2025-03-03,Regular
147,Keith,Watson,karlajohnson@example.org,393.976.4350x58148,Christyside,2025-06-10,VIP
148,Joe,Houston,ktucker@example.org,001-676-890-0970,Lake Carrieton,2024-11-05,Premium
149,James,Zuniga,bentonkimberly@example.net,349-802-6425,Navarroborough,2024-01-08,Regular
150,Peter,Price,marilynpratt@example.org,616-232-7874x0030,Janiceview,2023-10-24,VIP
151,Brittany,Brooks,hollowaykelly@example.com,(954)219-4589x98961,Ebonyport,2024-05-13,Premium
152,Elizabeth,Robinson,mason63@example.com,518-780-5996x1090,Vanessafurt,2025-08-31,Regular
153,Betty,Moreno,ahernandez@example.org,(990)443-3886,South Jacob,2025-05-29,Regular
154,Bethany,Kaiser,riggsadam@example.net,(955)556-1654x9411,Frederickberg,2025-04-23,Premium
155,Edwin,Cameron,karimason@example.org,001-538-939-6405x3369,Lake Jackie,2024-08-12,Regular
156,Mark,Carroll,ambercooper@example.com,001-592-892-9020x813,Port Michael,2025-07-22,Premium
157,Chase,Rubio,jennifermitchell@example.net,666.663.3411,Lake Russell,2024-06-23,Regular
158,Bryan,Herrera,theresabray@example.org,001-609-858-9364,Smithville,2024-01-13,Regular
159,Kristin,Pierce,afry@example.net,(533)886-9265x12586,Melissaborough,2025-05-06,Premium
160,Brooke,Edwards,hansonjessica@example.org,550.847.8652x85663,Louisborough,2024-01-12,Premium
161,Andrew,Lee,imiller@example.net,(774)871-3678,Josephbury,2023-10-03,VIP
162,Albert,Newton,mary05@example.org,+1-648-602-4776,Heidiburgh,2025-09-23,Premium
163,Susan,Robinson,boneal@example.org,696.494.5531x918,New Carrie,2025-03-02,Premium
164,Kimberly,Gutierrez,megan91@example.org,(925)785-2781x35315,North Ginabury,2024-11-22,VIP
165,Cody,Moore,blynch@example.org,970-236-0016x37395,Maryhaven,2024-07-20,Regular
166,Evan,Reyes,smoore@example.org,(333)498-1726x89441,North Todd,2024-07-09,VIP
167,Christy,Paul,amysuarez@example.net,+1-322-368-9548x890,Albertview,2024-02-04,Premium
168,Ryan,Gray,hansentina@example.net,4275606569,Kellyland,2023-11-18,VIP
169,Michelle,King,jerrygarcia@example.com,+1-855-966-0599x58133,Perryport,2025-09-24,Regular
170,Tammy,Walters,barnettsonia@example.org,001-315-654-6197x3325,East Nancy,2024-04-06,Premium
171,Rebecca,Johnson,annanguyen@example.org,830-776-4373x10209,Port Jasonburgh,2024-02-26,Premium
172,Victoria,Jacobs,jrichardson@example.org,822-515-0446x08780,Gonzalezland,2024-04-27,Premium
173,Robin,Ramos,sanchezkristopher@example.org,814.594.1156x130,Christopherstad,2025-04-28,Premium
174,Lisa,Huang,omooney@example.org,955-900-5730x1334,Johnhaven,2025-04-19,Regular
175,Cheyenne,Jones,richardclark@example.org,+1-906-213-6239x06632,Robinville,2024-12-02,Premium
176,Wesley,Brown,hayeslauren@example.net,648.943.6148,North Brianville,2024-04-20,Regular
177,Jason,George,hernandezruth@example.com,(349)811-7912,Davisberg,2023-11-06,Regular
178,Kathy,Miller,bookerchristopher@example.com,804.652.4460x642,Hardybury,2024-08-25,Regular
179,Justin,Tyler,idaniels@example.org,(789)826-7480x6842,New Jacobchester,2023-10-09,Regular
180,Deanna,Morgan,zwalker@example.com,644.450.2086,Lake Allisonmouth,2024-01-18,Regular
181,Sandra,Thompson,matthewsmatthew@example.net,+1-512-619-0429x970,East Whitney,2024-05-16,Regular
182,Kyle,Mcbride,katelynpatterson@example.com,739.361.7983x18420,South Kevinfurt,2024-04-04,Regular
183,Madison,Brooks,micheal73@example.net,292-630-9002x600,Bowenberg,2025-01-06,Regular
184,Brian,Dominguez,lfrazier@example.net,738.941.1362x2079,Oneillton,2025-03-03,VIP
185,Krystal,Robinson,mistyerickson@example.org,(223)745-9162x8157,Melindastad,2025-02-07,Premium
186,Lindsay,Hernandez,stephanie34@example.org,001-822-447-2703x07143,Lake Joshua,2024-10-27,VIP
187,John,Hernandez,davisbrett@example.com,(495)710-9714x09351,West Christianburgh,2024-10-23,Premium
188,Brian,Johnson,abrown@example.net,001-936-278-9925,Morganberg,2025-08-16,Premium
189,Kiara,Randall,apeterson@example.com,521-399-1173x362,Alexisside,2025-04-24,Premium
190,Brenda,Crawford,rebeccabriggs@example.net,001-343-446-5739x6979,Kevinville,2025-01-02,Regular
191,Christy,Clark,amylutz@example.com,+1-608-979-8944x6055,West Melissa,2025-09-12,Regular
192,Steven,Baker,jenna23@example.org,245.775.8243,Stephanieville,2023-12-06,Premium
193,Francisco,Moore,vmartin@example.com,415.376.1399x89258,East Alec,2024-10-24,Premium
194,Travis,Weaver,lindseybrock@example.org,+1-848-801-2198x433,Port Kirsten,2024-04-18,Premium
195,Devin,Johnson,johnsonmichael@example.net,539-913-1251,North Ginashire,2024-06-28,VIP
196,Amber,Reyes,pereztyler@example.net,(974)507-7380x0342,North Michael,2025-06-20,Regular
197,Alexis,Brady,beardgary@example.net,4512909307,Jenniferfort,2024-04-16,Regular
198,Christina,Garrison,smithkevin@example.net,672-912-5996x210,Anthonyton,2025-05-02,VIP
199,Harry,Foster,vmiller@example.net,299.859.8664x38592,Kennethton,2025-01-19,Regular
200,Katherine,Figueroa,wendy25@example.org,282.280.4056,Cainton,2024-04-09,VIP
201,Jeffrey,Torres,jason32@example.com,433.955.3921,Nancychester,2024-04-30,VIP
202,Stephanie,Jensen,amberharris@example.com,(626)689-3857x8844,New Matthewstad,2024-06-03,VIP
203,Anthony,Turner,nathaniel78@example.org,346.384.8020,East Angelastad,2025-01-25,Regular
204,Robert,Shaw,julie17@example.com,649-917-8183x3010,Quinnmouth,2024-01-26,Premium
205,Willie,Murphy,rossjennifer@example.com,575-899-3682,Dawnstad,2024-11-07,Regular
206,Christine,Mckinney,kristamorris@example.net,+1-754-201-9795x81788,Darrenberg,2024-09-16,VIP
207,Brandon,Williams,samantha21@example.org,325.317.0745x228,West Raymond,2024-11-19,Premium
208,Lisa,Clark,matthewsaustin@example.org,(357)330-0745x790,Johnsonbury,2025-04-01,Regular
209,Cindy,Ortiz,carol76@example.org,424-396-4413,New Thomasville,2024-06-15,Premium
210,Austin,Watson,dmarshall@example.com,506-663-9364x1407,Port Katherineton,2025-03-24,Regular
211,Reginald,Barton,mark80@example.org,(448)294-5732x70273,Daltonbury,2025-02-19,Regular
212,Zachary,Johnson,daythomas@example.org,594-839-2149,Shawnchester,2024-09-06,Regular
213,William,Lopez,orangel@example.net,+1-390-299-3026x6402,Fowlerchester,2024-04-17,Premium
214,Alicia,Simpson,brittanyharrison@example.org,001-441-676-5678,East Douglasville,2024-11-15,VIP
215,Betty,Hess,sheryljenkins@example.net,377.319.3460,Janicetown,2024-12-07,Premium
216,Anthony,Miller,ykim@example.com,+1-944-299-2112x16239,Rodriguezstad,2025-05-03,Premium
217,Marissa,Manning,vbell@example.org,001-983-309-5567x8842,Lake Carrieberg,2025-06-26,Regular
218,Scott,Reynolds,mirandagabrielle@example.net,(402)974-8972x77109,Fernandezbury,2025-06-17,Regular
219,Patricia,Chavez,fhorn@example.net,491-633-0105x2463,Mcdowelltown,2025-02-06,Premium
220,Michael,Colon,whitejoseph@example.org,+1-662-921-6114x970,Rickybury,2023-12-07,Regular
221,William,Nguyen,yfoster@example.org,730-857-8647,West Rebeccashire,2023-12-27,Regular
222,Jason,Salazar,calderonkatherine@example.net,(662)384-9614,West Sethton,2025-07-10,Regular
223,Rhonda,Nelson,heather71@example.com,(744)804-9263x4333,Lake Carrie,2024-03-01,VIP
224,George,Alvarado,wayneherring@example.net,833.459.9959,West Andrew,2024-08-11,Regular
225,Scott,Jimenez,pbryant@example.org,(560)521-7335,Lake Anthony,2024-03-19,VIP
226,Bonnie,Thompson,obrown@example.net,721.232.7487x157,Torresmouth,2024-03-12,Premium
227,Troy,Johnson,fpetersen@example.com,5775273156,North Gabrielchester,2025-03-15,VIP
228,James,Villanueva,brianhill@example.com,001-809-663-5637x5215,Mooreborough,2024-12-11,Premium
229,Alexis,Dunn,fflowers@example.org,932-565-1599x59457,Transtad,2023-11-09,VIP
230,Kristen,Moore,joshuamorgan@example.com,9898121599,West Stanleyview,2024-08-01,Regular
231,John,Schmitt,cstark@example.org,353.346.7601x09274,East Leeton,2024-04-17,VIP
232,Kevin,Garcia,rebecca48@example.net,+1-744-602-0184x567,Cervantesburgh,2025-05-14,VIP
233,Alexandra,Adams,daniellecordova@example.org,415-355-7536,West Mark,2024-05-21,Premium
234,Katie,Holt,michaelanderson@example.org,687.712.1776x556,North Jamesstad,2023-10-02,VIP
235,Robert,Smith,asoto@example.com,001-848-857-8595,Port Stevenborough,2023-12-02,Regular
236,Susan,Dominguez,bryantdrew@example.net,001-607-367-0468x646,East Kayla,2025-04-17,VIP
237,Hannah,Manning,lorrainejacobs@example.net,001-990-209-0972,North Andrea,2025-08-29,Regular
238,Justin,Riley,gregorysmith@example.net,386-782-8375,Lake Megan,2025-01-28,Regular
239,Randall,Phillips,iwebster@example.net,+1-211-574-5768x118,Whiteville,2025-04-10,Regular
240,Nancy,Bishop,rebekah73@example.org,001-419-506-9540,North Lorihaven,2025-07-14,Premium
241,Daniel,Williamson,phernandez@example.org,(836)564-7130x29361,Stephenborough,2024-11-05,Premium
242,Angela,Allen,ysingleton@example.org,523.990.1216,West Diana,2025-02-01,Regular
243,Vernon,Patterson,stephendavis@example.org,(980)538-8723x17846,Clarkville,2025-04-30,VIP
244,Jimmy,Gonzalez,elizabethgarcia@example.org,2045530240,Lewisstad,2024-11-05,VIP
245,Jerry,Fox,james00@example.com,+1-295-413-9182x53101,North Jessefurt,2025-03-06,Regular
246,Tyler,Smith,adamsmelissa@example.net,602.478.0647,New Kenneth,2024-09-21,Premium
247,Ryan,Walters,gordonnicole@example.org,(538)553-6316,Murilloville,2023-12-04,VIP
248,Crystal,Burgess,kenglish@example.net,+1-685-878-6013x370,East Regina,2025-02-05,Regular
249,Catherine,Robinson,taylor69@example.net,452.984.5930x702,North Amyview,2025-01-15,Premium
250,Eugene,Owens,lwilson@example.org,689.405.2760,Bradfordburgh,2025-08-12,VIP
251,Melissa,Johnson,castrohenry@example.org,001-359-954-1798x86577,New Gregorymouth,2024-07-24,VIP
252,Cynthia,Douglas,paul14@example.org,847-916-0008,Port Sheila,2025-03-26,Regular
253,Gloria,Dalton,zpowell@example.com,(459)228-4304,Murphyton,2024-08-04,Regular
254,Grace,Mora,nicole10@example.org,+1-652-658-8030,Greenbury,2025-02-21,Regular
255,John,Casey,christinabray@example.org,(370)767-9685x69734,Taylorland,2023-10-14,Regular
256,Cynthia,Christian,ashley82@example.org,637.840.9786x3073,East Mitchellland,2025-01-15,VIP
257,Douglas,Wilcox,griffintiffany@example.net,(615)382-3286,New Krystalshire,2023-12-20,Premium
258,Sheila,Watkins,ymcclure@example.org,+1-858-209-2551x4640,Earlburgh,2025-03-27,Regular
259,Laura,Johnson,juliesmith@example.org,836-495-1854x177,Alvarezville,2025-04-06,Premium
260,Christine,Franco,jeremy10@example.com,(368)359-8524x6588,North Randyville,2024-09-12,Premium
261,Michael,Davidson,michaelwilson@example.com,(685)706-7337x57822,Austinborough,2024-07-20,Regular
262,Cindy,Jackson,murphystephanie@example.net,001-214-662-1762,Matthewtown,2023-10-10,VIP
263,Nicole,Marquez,gsutton@example.org,(829)997-5441x48207,North Michael,2024-10-01,Premium
264,Kimberly,Acosta,dburke@example.org,620.779.9554x06103,North Edgarport,2023-11-06,VIP
265,Stephen,Carter,emontgomery@example.net,001-420-963-4571x89806,Port Andrewburgh,2023-11-09,Premium
266,Warren,Fox,russellsandra@example.org,404-952-0493x649,Buchananport,2024-07-18,Regular
267,Robert,Perez,richard48@example.com,+1-367-252-5107x403,Jonathonside,2023-11-05,Regular
268,Roberto,Vang,ipeters@example.net,327-806-2709x8679,Heatherfurt,2025-08-10,Regular
269,Bianca,Berger,zbuchanan@example.org,+1-926-970-9582x82323,West David,2025-09-18,Regular
270,Joshua,Phillips,robertjohnson@example.com,+1-589-236-0743x62741,Riggsmouth,2024-08-28,Premium
271,Betty,Mitchell,erinvillarreal@example.com,947.906.1431x5545,Zacharymouth,2024-02-01,Premium
272,Stephanie,Gonzalez,cynthia28@example.org,571.929.9155x7901,North Petershire,2025-02-25,Premium
273,Paula,Coffey,xsmith@example.com,934.996.3960,Boothton,2025-09-19,VIP
274,Olivia,Munoz,kwilliams@example.org,(748)498-3474x96207,East James,2025-01-03,VIP
275,Diana,May,uking@example.net,+1-452-707-2867x10208,North Sara,2024-08-28,VIP
276,Scott,Hicks,ogill@example.org,(253)831-5814,South Cheryl,2024-08-04,VIP
277,Randy,Rogers,rsmith@example.com,(898)476-7335,Lake Luke,2025-02-24,Premium
278,Tracy,Yang,pkennedy@example.com,873-451-0858,Stephenston,2025-05-19,VIP
279,Gregory,Mejia,wongmike@example.com,826.755.7489x624,Port Craig,2024-12-05,Premium
280,Tiffany,Hernandez,amyharmon@example.net,+1-932-604-7823x71185,West Ianville,2023-12-13,Regular
281,Todd,Cuevas,amanda91@example.com,(880)353-8308x2206,Austinview,2025-08-02,Premium
282,Joshua,Davis,richardserika@example.net,(559)757-2447x29078,East Davidville,2025-04-15,VIP
283,Stephanie,Russell,tlewis@example.org,848.589.8541,North Adam,2025-05-16,Premium
284,Scott,Griffin,amy66@example.com,4129032164,Nicolehaven,2025-06-15,Premium
285,Kayla,Ramirez,renee75@example.org,613-214-0144,West Rebecca,2024-03-25,Regular
286,John,Scott,michaelturner@example.net,448-539-7373x595,East Michaelhaven,2024-10-27,VIP
287,Benjamin,Lutz,julia87@example.com,534.890.9563x6246,Flemingmouth,2023-11-09,Premium
288,Laurie,Herrera,qthomas@example.net,001-542-719-1865x2087,North Breannaborough,2024-09-16,Regular
289,Jennifer,Reese,smithtonya@example.org,(954)823-0675x888,North Tony,2025-09-20,Premium
290,Lauren,Baker,michelle43@example.com,532-217-5816x1754,Reevesberg,2025-07-21,Premium
291,Kenneth,Perez,samuelcastillo@example.net,+1-817-906-1483x90939,South Scott,2024-05-26,Premium
292,Christina,Pena,pamelafitzgerald@example.com,573-471-9332,Lynnborough,2025-08-01,VIP
293,Harry,Perez,brian65@example.com,345.733.9817x2177,Youngtown,2024-05-27,Premium
294,Leslie,Spencer,jimmyschultz@example.com,205.573.9071,Brianton,2024-10-25,Premium
295,Kevin,Lee,rowlandjeff@example.net,309-251-9049x4117,Erikfurt,2024-09-21,VIP
296,Sarah,Wagner,wisejordan@example.net,001-894-715-6765,Port Jeremiahmouth,2025-06-22,Regular
297,Brian,Cherry,eparker@example.net,+1-624-923-9545x7598,Phamberg,2023-12-13,Premium
298,Daniel,Moore,kendrafleming@example.com,245-517-7974,Lake Moniqueshire,2024-11-04,Premium
299,Mark,Rodriguez,jameswilson@example.com,001-790-634-8779x8009,Bowmanshire,2025-03-25,VIP
300,Willie,Holt,ujones@example.org,001-219-675-5316,North Benjamin,2024-06-07,Premium
301,Brian,Clarke,ericanderson@example.com,(470)840-7213,North Ashley,2025-09-21,VIP
302,Justin,Lamb,bgreen@example.com,+1-218-690-5645x341,Petersport,2025-03-14,VIP
303,Stacey,Campbell,ewilson@example.net,573.599.9513,North Joel,2024-07-08,Premium
304,Christy,Humphrey,xpalmer@example.net,311-640-2435x5425,Smithborough,2025-06-21,Premium
305,Travis,Brock,marcoedwards@example.org,452.249.6216x272,Port Leefort,2024-03-18,VIP
306,Richard,Cruz,julie78@example.com,(261)426-0859x8038,Lefort,2025-08-08,VIP
307,Curtis,Riggs,oconnorshannon@example.org,(338)749-3505,Paulland,2025-09-28,VIP
308,Janice,Gregory,john33@example.com,001-502-992-5366x47798,Amyborough,2024-01-21,Premium
309,Vincent,Hunt,wford@example.org,(538)835-7927,West Leahborough,2025-03-13,VIP
310,Gary,Sanders,patriciadickson@example.org,856-716-0933x7450,West Kellytown,2024-05-14,Regular
311,Michele,Donovan,nnorris@example.org,001-760-553-6426,Scottland,2024-05-01,Premium
312,Donald,Butler,vancelori@example.com,4659437828,South Jacquelinefort,2024-09-23,VIP
313,Randall,White,etorres@example.net,+1-456-335-2698,North Justin,2025-05-11,Premium
314,Krista,Garrett,elizabethdavis@example.net,382-950-2598x82053,Melissaville,2025-02-11,Regular
315,Matthew,Ross,sabrinafuentes@example.net,564-874-1386x767,Laurafurt,2023-11-26,Premium
316,Leslie,Lowe,millerlynn@example.com,(453)226-4399x8060,Carlosville,2024-02-01,VIP
317,Denise,Lambert,fgonzales@example.com,556-861-9683,Perrytown,2024-03-08,Premium
318,James,White,ocoffey@example.com,7074938453,Ashleymouth,2025-06-27,Premium
319,Michael,Rose,okelly@example.org,597-766-6711,Loriburgh,2023-11-17,VIP
320,Michael,Williams,madeline62@example.org,990-494-2436x440,Nataliefurt,2025-09-03,Regular
321,Melanie,Roberts,pflores@example.net,(570)667-9641,Leahberg,2024-04-29,Premium
322,Michele,White,wintersmiguel@example.org,505-683-2130,East Laura,2025-05-08,Regular
323,Charles,Richardson,baileyalexandria@example.net,955-795-5894,Lawrenceburgh,2025-06-10,Premium
324,Michele,Stanley,benjamin43@example.net,908.657.3874x68577,Carrollbury,2024-11-10,Regular
325,Sydney,Ross,xmacdonald@example.com,+1-434-797-7667,West Jennifer,2025-01-13,VIP
326,Alice,Good,ralphmyers@example.net,+1-401-211-4810x2709,Martinton,2023-11-23,Premium
327,Jason,Jones,markandersen@example.net,001-312-487-3141x45148,Madisonmouth,2025-09-05,Regular
328,Thomas,Nguyen,hholden@example.net,930.799.9355,South James,2025-08-02,Premium
329,Lee,Hicks,linda47@example.net,001-525-334-7858x044,Port Raymondland,2024-02-25,VIP
330,Cole,Wells,paula53@example.org,+1-396-530-0429,Carpenterton,2025-02-21,VIP
331,Christopher,Miller,keithwalker@example.org,(961)670-0588x636,Andrewland,2023-11-16,Premium
332,Donald,Santos,aaron98@example.com,001-761-755-3545,Briannastad,2024-10-26,VIP
333,Kaitlin,Tran,wtucker@example.net,(533)544-2624,West Lauren,2025-05-07,Premium
334,Andrew,Powell,wendy26@example.com,279-641-7835x12665,South Bobbystad,2024-12-02,VIP
335,Steve,Burns,gsutton@example.com,+1-653-668-0292x5028,Lake Christopher,2025-08-20,VIP
336,Monica,Larson,schroedermichael@example.com,454.684.1680,Port Diane,2023-10-15,Premium
337,Ronald,Evans,joshuadavidson@example.net,001-566-671-1245x68079,East Stephen,2025-07-28,Regular
338,Gina,Reyes,craig05@example.net,7669075797,Robertfort,2024-07-11,VIP
339,Henry,Montgomery,dominiqueward@example.net,001-623-823-2027x209,South Tracy,2023-12-14,Premium
340,Donald,Cook,nrobertson@example.net,(984)888-0251x0275,South Gina,2023-10-21,VIP
341,Joseph,Smith,emilyclayton@example.org,3383087507,Janicestad,2024-11-09,VIP
342,Felicia,Singh,cynthiawalsh@example.org,3477104797,North Michael,2024-07-06,VIP
343,Robert,Davis,kidddonald@example.org,875-858-5244x284,Port Jack,2025-07-11,VIP
344,Henry,Henry,wmejia@example.org,454.694.9193x337,New Thomaschester,2024-02-28,VIP
345,Kelly,Bryant,mwalker@example.org,+1-309-340-7676,New Rebeccastad,2024-03-15,VIP
346,Billy,Vasquez,michaelmartinez@example.net,(578)519-1336,Cruzmouth,2024-09-17,Premium
347,Ronnie,Sandoval,maria95@example.net,643.581.4808,Brittanyport,2023-12-23,Premium
348,Joshua,Petty,henrystephanie@example.com,(619)403-8216x3838,Elizabethstad,2024-08-17,Premium
349,John,Osborne,grantaaron@example.net,001-342-304-4622,West Victoriahaven,2023-12-16,Premium
350,Douglas,Miller,edward88@example.net,(844)386-3453x7146,Markchester,2025-05-09,VIP
351,Christopher,Conway,kevin94@example.net,882-490-5163x9890,South Lisa,2024-06-15,VIP
352,Richard,Duncan,nvaldez@example.com,340-979-7023,Hurleystad,2024-02-09,Regular
353,Jill,Harmon,jacquelinegriffin@example.org,209.424.3467x591,East Karen,2024-08-11,VIP
354,Tonya,Reed,david01@example.com,+1-960-217-9449,East Victoria,2023-10-01,VIP
355,Anna,Mcconnell,kristen68@example.com,(821)328-3687x403,New Brandon,2024-10-27,Regular
356,Amanda,Smith,jshah@example.com,+1-943-950-6023x89391,East Kenneth,2025-07-20,Premium
357,Jeffery,Dickson,fdavis@example.net,265.510.5141,Mistyland,2024-05-10,Premium
358,Briana,Stokes,susan91@example.com,+1-919-821-6077x9004,Petersonshire,2025-01-27,Regular
359,Shannon,Simpson,emilywright@example.net,(887)247-9027,Port Thomas,2024-04-06,VIP
360,Jeffrey,Jackson,ahenderson@example.org,+1-752-872-6277x747,West Bryan,2025-07-28,VIP
361,Robert,Curry,kimberly61@example.net,(418)791-3444,Solisstad,2024-06-16,Premium
362,William,Mason,ballardcody@example.org,001-644-772-1717x4874,West Kylestad,2025-01-28,Premium
363,Aaron,Ray,prestondavid@example.net,001-882-518-7177x8962,Julieport,2025-09-05,VIP
364,Emily,Costa,josephbutler@example.org,+1-579-390-2916x1754,North Oliviaside,2024-12-04,Regular
365,Jay,Jarvis,kathleen28@example.com,257.380.5396x90294,Harrisstad,2025-05-09,Regular
366,Kaylee,Bentley,sgreen@example.net,562-637-6452x7728,South Amy,2023-12-05,Premium
367,Brandon,Williams,eric44@example.org,(474)877-0627,Sullivanside,2023-10-05,VIP
368,Sarah,Armstrong,davidrobinson@example.org,001-936-958-7139,Turnertown,2025-05-26,VIP
369,Jacob,Novak,edwardleon@example.com,(773)952-3686,Port Julie,2025-06-18,Premium
370,Mackenzie,Smith,hernandezmichael@example.org,+1-951-987-2334,New Scott,2024-04-06,Premium
371,Patrick,Jackson,mjones@example.com,+1-353-945-7252x425,Arielmouth,2024-06-06,VIP
372,Julie,Hunter,kristina02@example.net,990.404.7238x47170,North Wandabury,2025-01-01,Premium
373,Charles,Conner,donaldtaylor@example.org,930-248-0273x8926,Newmanborough,2024-01-05,Regular
374,Amy,Mcdaniel,hallcharles@example.org,+1-891-929-5199x45954,Sharpside,2024-07-16,Premium
375,Amber,Aguirre,cassandrahall@example.org,406-583-5810,Mooretown,2025-05-10,Regular
376,William,Guzman,lori35@example.com,(828)871-7089,Adamstown,2025-01-11,VIP
377,Nicole,Torres,hannah14@example.net,(866)579-7336x8851,Lake Michael,2024-11-16,VIP
378,Joshua,Russo,stephanie59@example.org,001-342-313-5619x430,Valenciaburgh,2025-02-26,Premium
379,Christopher,Powell,thompsonphilip@example.com,971.239.3176x61122,Erinland,2025-01-02,Premium
380,Jennifer,Morales,jasontodd@example.org,(951)873-9834,New Danielle,2024-10-23,VIP
381,Jean,Neal,hannah69@example.org,792.683.2479x35935,Farmerton,2024-03-12,VIP
382,Catherine,Stewart,kevinrobinson@example.net,001-498-360-3441x094,Huffmanburgh,2023-11-05,VIP
383,Sarah,Harris,rortiz@example.net,753.409.7015x07351,Edwardmouth,2024-01-25,VIP
384,Brittany,Little,sarah48@example.net,(631)883-1187x633,Lindastad,2024-03-14,VIP
385,Sherri,Chapman,jmcclain@example.org,(445)668-4870x433,East Daniel,2025-06-04,Regular
386,Brent,Acevedo,paula74@example.org,+1-613-720-6865x9618,Angelaview,2024-11-24,VIP
387,Robert,Andrews,lisapowell@example.org,7467421593,Raymondfort,2025-03-12,Regular
388,Jessica,Schmitt,isabellacarrillo@example.net,001-286-341-1749x6914,South Juliestad,2024-06-07,Regular
389,Angela,Mathews,paul99@example.com,431-466-6194x74683,South Cherylmouth,2023-11-06,Regular
390,Christopher,Miller,whitemargaret@example.com,+1-489-683-7062,Jodibury,2023-10-08,Premium
391,Juan,Clark,kathy59@example.net,(691)279-5401x2155,North Sheriview,2024-03-22,Regular
392,John,Daniel,kaufmandavid@example.com,001-888-817-2559x2964,Alexanderstad,2025-03-03,VIP
393,Michelle,Maxwell,charles58@example.com,513-690-1696x809,Browntown,2025-01-05,Regular
394,Daniel,Phillips,perezjack@example.org,413-895-9915,Sheilafurt,2023-12-24,Premium
395,John,Brown,stevensimpson@example.net,398-595-6798,South Christychester,2025-09-14,Premium
396,Bianca,Ewing,david65@example.com,001-358-640-7370x0268,East Sara,2023-11-05,Regular
397,Jennifer,Boyd,jamiegriffin@example.com,283-882-7802,Espinozafurt,2025-04-10,VIP
398,Alexander,Atkins,sarah87@example.com,001-225-705-6545x417,Davidborough,2025-06-07,VIP
399,Garrett,Zavala,patricia80@example.net,639.508.9527x11088,Schroederfort,2024-05-14,VIP
400,Denise,Dunlap,jennifer75@example.com,+1-931-781-2203x3064,South Patricia,2025-09-16,VIP
401,Sheena,Watson,wadethomas@example.net,6885736018,Masonborough,2025-04-28,VIP
402,April,Jackson,kimberlyhall@example.org,9223845607,Port Marissa,2024-07-04,Regular
403,Bruce,Stone,bbradley@example.com,562.483.4572,North Edwin,2025-05-02,Premium
404,Sabrina,Ford,omoss@example.net,2087719821,South Kristimouth,2024-07-19,VIP
405,Kevin,Duncan,marc35@example.org,874.418.2109x26426,Michaelfort,2024-12-12,Regular
406,David,Miller,meganperry@example.org,523.864.3199x5708,Port Elizabeth,2025-05-26,Premium
407,Jessica,Ibarra,jeffrey46@example.net,+1-427-289-1015x280,Shawburgh,2025-02-02,Premium
408,Timothy,Hancock,fbaker@example.com,917.760.6371x39362,Charlesville,2025-04-17,VIP
409,Lee,Perez,robert78@example.net,4113151855,South Adam,2024-12-21,Regular
410,Penny,Padilla,uwilliams@example.net,662.469.7863,North Lauramouth,2025-02-20,Premium
411,Aaron,Smith,jill44@example.org,001-382-500-5463x025,Melissaberg,2025-04-04,Premium
412,Laura,Holland,richardwalsh@example.com,827.899.0887x831,Port Tiffany,2023-11-06,Premium
413,Ian,Ramirez,ashleecarr@example.org,+1-466-841-8813x814,West Steven,2024-09-12,VIP
414,Kathy,Navarro,santiagojonathan@example.net,(779)879-7033,Alexandrabury,2025-05-06,Regular
415,Jonathan,Edwards,christopher61@example.com,347.427.9729x243,Terryberg,2023-11-22,Premium
416,Sarah,Galvan,ryanpeters@example.org,+1-770-837-9304x4096,Lake Brianberg,2024-07-01,Premium
417,Jessica,Bautista,angelaholt@example.net,329-451-9683x28647,Johnhaven,2024-07-19,Regular
418,Paul,Russell,frazierandrew@example.net,399.383.3849x68255,Jesseland,2025-06-05,Premium
419,Jennifer,Hill,tracyharmon@example.com,(687)563-6506x203,New Thomas,2024-04-08,Premium
420,Jenna,Nelson,mmcdonald@example.com,001-713-271-5504x3494,North Eric,2025-09-11,Regular
421,Kristina,Hull,milleramanda@example.org,(572)876-6547x9885,Collinsshire,2025-04-10,Regular
422,Cheryl,Wilson,holtmartin@example.org,2287176563,Christopherville,2025-03-20,Regular
423,Thomas,Smith,markmiller@example.org,(460)383-3091x507,North Jonathanburgh,2025-02-16,VIP
424,Robin,Soto,christinebrandt@example.com,001-485-314-1887x6510,Howardmouth,2024-01-03,VIP
425,Nicole,Davis,michaelmcfarland@example.org,718-675-3937,Johnsonchester,2025-04-22,Premium
426,Timothy,Pruitt,edavis@example.net,001-670-970-3380x93363,East Jennifer,2024-07-03,VIP
427,Craig,Ford,michaelhayden@example.com,411.779.5521x997,South Christine,2024-01-15,VIP
428,Mary,Keith,ronaldtucker@example.net,(423)756-1356x7278,Fitzgeraldmouth,2024-11-30,Regular
429,Holly,Salinas,lisa88@example.com,512-721-7489,Port Jennifermouth,2024-02-08,Premium
430,Frank,Powers,sweeneyrodney@example.com,452.244.4120,West Jasmine,2024-01-22,VIP
431,Kristina,Molina,jean92@example.net,9426037169,New Bradstad,2024-11-25,VIP
432,Pamela,Mathis,powellemily@example.net,703-214-2960x47066,West Jamesberg,2024-08-19,VIP
433,Michael,Haynes,danieljensen@example.org,856-687-4613x3657,Floydstad,2024-10-31,VIP
434,Katie,Smith,blackpeggy@example.net,505.475.2113,Ericchester,2025-02-21,Premium
435,Mark,Raymond,hunteramanda@example.net,(840)369-6813,Davidhaven,2025-06-18,Premium
436,Shawn,Morgan,kharper@example.org,829.648.9796,Lake Bradley,2024-03-02,Premium
437,Heather,Cox,adrian49@example.net,+1-638-870-0414x9036,Port Russell,2024-12-10,Premium
438,Emily,Wise,vjames@example.net,(543)695-8814,Lloydhaven,2023-12-17,Premium
439,Kimberly,Rodriguez,arich@example.net,381-921-8037x1640,New Kristifort,2024-02-19,Regular
440,Matthew,Jones,lindacurry@example.com,453-684-7734x93658,North Sean,2025-09-08,Premium
441,Kylie,Miller,twilliamson@example.com,(231)949-0676x51389,Solomonberg,2024-12-03,Premium
442,Julia,Davidson,melissa36@example.net,776-411-4397x77419,Karenview,2024-10-28,Premium
443,April,Gonzales,harperjames@example.org,(549)275-5010x628,Martinezfort,2024-12-28,Premium
444,Timothy,Edwards,ccrawford@example.com,+1-496-420-8048x8682,Chavezchester,2025-03-17,VIP
445,Tina,Murphy,kathleen60@example.com,2776185344,Lake Mariaville,2024-10-30,Premium
446,Troy,Mejia,nturner@example.com,682.969.8959,Ramosville,2024-11-04,VIP
447,Roberto,Douglas,kristineherrera@example.com,578.654.3851x47242,Juarezhaven,2025-04-15,VIP
448,Sabrina,Hooper,ghill@example.net,(484)922-0678x919,Elaineshire,2024-07-24,VIP
449,Caleb,Carter,rebeccabrowning@example.org,655-213-0956x2048,Evansland,2025-06-04,VIP
450,Nathan,Gibson,jeremiahramos@example.com,001-880-954-9756,Gonzalezstad,2024-01-17,VIP
451,Bethany,Peterson,montgomerysara@example.org,(689)680-3110x7234,Angelachester,2024-10-20,Premium
452,Benjamin,Jones,hayesnicole@example.net,+1-883-368-2633,Port Shannonfurt,2025-07-16,Premium
453,Amy,Williams,alicemiller@example.net,2237193394,Janiceberg,2024-07-10,Premium
454,Mark,Munoz,danabailey@example.org,391-488-2857x026,Allenton,2025-08-21,VIP
455,Eric,Collins,jessicabarker@example.org,934.709.7749x432,New Janet,2023-10-22,Regular
456,Karen,Smith,kimberly94@example.com,001-504-897-6073x7504,Lake Roger,2024-02-08,Premium
457,Kayla,Jennings,huntjordan@example.com,+1-492-361-5227x67850,Brownfort,2023-11-02,Regular
458,Mark,Erickson,victoriaorr@example.net,001-966-555-9456x40629,Port Cathyton,2024-10-11,Regular
459,Kayla,Jones,kenneth41@example.org,(385)400-7886x162,Lanceport,2023-12-26,VIP
460,Brianna,Fernandez,sgreen@example.org,(676)807-5200x3288,Andreaton,2025-07-21,Regular
461,Jessica,Ramirez,danielfields@example.org,927-564-5608x4255,Millerberg,2024-09-15,VIP
462,Tiffany,Ball,wgarza@example.org,566.912.6023x60930,Lake Danielborough,2024-11-12,VIP
463,Austin,Wolf,willisjames@example.org,(333)397-9759x6857,Christopherton,2024-11-13,Regular
464,Shannon,Cox,kennethstevenson@example.org,(972)738-3597x6893,North Dennis,2025-08-26,Regular
465,Dana,Gould,flopez@example.org,805-295-9230,West Stephenfort,2023-12-02,Regular
466,Denise,Ramirez,sextonnicole@example.org,5035527991,Danielborough,2025-09-16,Premium
467,Rebecca,Solomon,john63@example.net,292.557.7330,Port Michelleville,2024-03-11,Premium
468,Robert,Richards,jamescraig@example.org,937-376-5506x0188,Kaylamouth,2024-07-27,VIP
469,Brenda,Wood,corey18@example.com,+1-289-394-8130,Jasonfurt,2025-07-09,Regular
470,Lisa,Mendez,andrew40@example.net,(812)964-5767,Hollowaymouth,2025-01-13,Regular
471,Catherine,Moore,cruzjeffrey@example.org,909-386-6631,North Josephside,2024-07-10,VIP
472,Thomas,Walker,dharrison@example.net,(238)511-5488x4528,East Jonathanside,2023-11-09,Premium
473,Susan,Hawkins,acole@example.net,(535)318-0322x888,Port Ashley,2024-07-02,Premium
474,Tyler,King,jsavage@example.org,001-529-529-9307x054,Georgefort,2024-12-09,VIP
475,Joseph,Phillips,nathaniel80@example.com,749-799-7740x40604,Markfurt,2024-11-04,Regular
476,Wendy,Roberts,jmurphy@example.com,964-392-5848x7754,North Ashley,2024-08-25,VIP
477,Todd,Cohen,laurensanford@example.org,926.318.9057x8295,Nguyenmouth,2025-03-29,Regular
478,Julie,Griffin,juan59@example.net,357-275-8345,South Brandon,2023-12-23,Premium
479,Andrea,Ellis,chadmolina@example.org,+1-778-850-8330x88886,Lake Alexandra,2024-08-23,Regular
480,Austin,Johnson,ronald60@example.net,408.682.3606,Port Ronnie,2024-03-06,VIP
481,Tiffany,Gonzales,parsonsdiana@example.net,+1-298-579-3333x4822,East Kristin,2023-12-03,Regular
482,John,Day,nicholas65@example.com,616.949.7662,Joannborough,2025-04-12,Premium
483,Amanda,Anderson,connerdavid@example.net,7474178280,North Dillonshire,2025-05-05,Premium
484,Lee,Castillo,pchristensen@example.com,001-226-284-4086x7808,Gracetown,2024-08-01,Regular
485,Damon,Dawson,meyerjoshua@example.com,504.416.8749,West James,2023-10-21,Premium
486,Daniel,Klein,erica07@example.net,001-801-553-8819x2337,Huffburgh,2025-07-10,Premium
487,Andrew,Henderson,michelle87@example.net,001-233-575-2438x122,Timothymouth,2024-10-11,Premium
488,Isaac,Miller,drodriguez@example.org,+1-751-681-8956x00097,Kelseyport,2023-12-15,Premium
489,Andrew,Melton,daniel08@example.net,920.544.2102x9345,Lake Paige,2024-02-28,Regular
490,Alicia,Smith,ashley65@example.com,708-637-2364x14124,New Saraville,2024-11-24,VIP
491,Allison,Hendricks,kgarcia@example.net,(955)912-2361x2712,New Melindaton,2025-04-26,VIP
492,Eric,Dawson,ocobb@example.org,001-775-345-5462x436,Lake Janetbury,2023-11-25,Premium
493,Cynthia,Hardy,stuartsteven@example.com,440.877.2899,West Darlene,2024-02-29,Premium
494,Allison,Hill,ljacobson@example.net,001-542-978-4007x8435,Williamsonmouth,2025-01-28,Premium
495,Mary,Schroeder,sherrymiller@example.org,+1-226-747-3146,Port Chrisview,2024-12-30,Regular
496,Denise,Hamilton,klinebrandon@example.com,+1-222-240-9607x91432,East Bradleybury,2025-04-20,VIP
497,Nicholas,Ochoa,umoss@example.com,425.755.9654x0411,West Jonathan,2025-04-28,Regular
498,Kimberly,Martinez,nstone@example.com,6093465602,Ivanville,2024-04-08,Premium
499,Theresa,Hughes,brentjones@example.net,587-625-1563x31420,Masseyport,2024-07-21,VIP
500,Michael,Schmidt,laurenhall@example.com,310.219.3832,North Suzanne,2023-11-03,Premium
501,Jeremy,Patterson,aclark@example.com,(670)533-6357,Briggston,2025-03-14,VIP
502,Elizabeth,Leonard,paula82@example.com,775.326.0940,Jonesshire,2024-05-04,Regular
503,Dylan,Mitchell,sfinley@example.org,6813668738,West Amber,2023-12-14,Premium
504,Robin,Winters,amberwilliams@example.org,(606)291-6972x3979,Danielsport,2025-04-23,Premium
505,Samuel,Nguyen,griffinmelanie@example.org,(299)535-0096x10599,Munozview,2025-08-22,VIP
506,John,Ramsey,kelseybrown@example.net,001-550-495-7488x81351,West Micheleton,2023-12-08,Regular
507,Holly,Anderson,burnsmary@example.net,+1-765-249-2575,South Toniton,2025-04-05,VIP
508,Kimberly,Murray,michaelrodriguez@example.com,616.592.1640x42543,New Anna,2024-06-13,VIP
509,David,Jones,gabriel01@example.org,484-218-1543,New Peterfort,2025-05-09,Premium
510,John,Thomas,aclarke@example.com,+1-568-455-2296,Annview,2025-06-06,Regular
511,Matthew,Thomas,matthew38@example.net,+1-753-614-5716x97747,East Christine,2024-10-05,Regular
512,Tyler,Sherman,markjohnson@example.net,319-292-1588x83513,Combsburgh,2024-07-23,Premium
513,Zachary,Burke,rickyreynolds@example.org,(961)801-0617x483,Washingtonview,2023-10-02,VIP
514,Shawn,Taylor,petersjohn@example.com,(441)616-3470x14238,West Jesseborough,2024-09-29,Regular
515,Kayla,Yates,christine08@example.net,(448)245-2691,Amberfurt,2024-08-08,VIP
516,Don,Stokes,christy00@example.net,9799969510,West Christopher,2024-06-30,VIP
517,Jodi,Everett,william79@example.com,001-294-980-8345x91450,West Curtisfort,2024-05-29,VIP
518,Jorge,Davila,schultzgabriela@example.org,760.606.9195,Garciamouth,2025-04-29,Premium
519,Todd,Warner,murraylindsey@example.net,380-758-2699x7854,Floresview,2023-12-06,VIP
520,Gabriella,Hampton,smorgan@example.org,7978699151,New Amy,2025-06-30,Regular
521,Dustin,Bray,bmerritt@example.com,435.567.9148,Andreaport,2024-08-05,Regular
522,Thomas,Odom,allen93@example.org,242.349.9079,North Sarah,2023-10-02,Premium
523,Angela,Cox,dwarren@example.net,001-361-461-7982,Port Sarah,2025-07-19,Regular
524,Logan,Medina,zquinn@example.net,663.249.6604x32405,Patrickshire,2025-07-16,Premium
525,John,Black,jwhite@example.com,001-869-375-7895,Port Alanfort,2025-03-04,Regular
526,Lori,Williams,bgreen@example.org,+1-777-961-3805x37416,Wilsonburgh,2023-11-30,Regular
527,Kristin,Hart,steven43@example.com,299.745.7342x2538,Martinezbury,2025-05-31,Premium
528,Kelly,Mitchell,johnsonrachel@example.com,(540)815-7615x595,Port Johnland,2025-04-05,Premium
529,Mark,Hernandez,david64@example.org,(324)379-6106,Veronicashire,2025-04-09,VIP
530,Kevin,Nguyen,johnramos@example.org,001-496-692-6373x30027,Thompsonfurt,2025-02-12,Premium
531,David,Ross,shayes@example.com,857.233.5205,Port Lisafort,2024-11-17,Premium
532,Miranda,Duarte,williamtucker@example.net,+1-629-343-2839x81550,West Richard,2025-08-10,Premium
533,Michael,Garcia,robertsmorgan@example.net,+1-417-596-6141,Westtown,2024-10-04,Premium
534,Melissa,Simon,timothy67@example.com,449-803-7741x628,Gonzalesbury,2024-02-22,Regular
535,Kimberly,George,smithdebra@example.org,+1-333-914-2414x117,Shanemouth,2024-08-11,Premium
536,Kevin,Cox,edwardblack@example.org,358-726-7929x15169,Lauratown,2023-11-30,Regular
537,James,Haynes,stephanie31@example.org,659-659-2231x8981,Port Angela,2024-10-16,Premium
538,Mary,Horn,jimenezjoseph@example.net,765.776.8207x561,South Gina,2025-05-10,Regular
539,David,Jacobs,kellyduran@example.net,+1-764-980-8848x5283,Jasonview,2024-11-20,Premium
540,Anne,Thomas,fredfleming@example.net,991-903-2502x1409,Gonzalezhaven,2025-07-28,Regular
541,Julie,Trevino,alexandra23@example.net,374.509.2053x542,Melindaside,2024-07-02,Premium
542,Jessica,Gonzalez,kimberlyharris@example.com,(531)290-2128,Stoneburgh,2025-05-22,VIP
543,Stephen,Welch,gbrown@example.org,618-473-3184,Moralesville,2023-12-19,Regular
544,Sarah,Becker,mckeesarah@example.org,+1-558-959-1863x42890,South Lawrencebury,2025-04-12,Premium
545,Patricia,Webb,alyssaconrad@example.com,(365)899-6382,Victoriafurt,2024-09-27,VIP
546,Matthew,Ramsey,jeremyboone@example.com,(475)319-5571x055,Ballberg,2025-03-16,Regular
547,Jason,Whitaker,christian28@example.com,553.535.6960x23251,Joshuaside,2024-06-01,VIP
548,Tammy,Marks,benjaminhudson@example.com,(205)628-2696,West Alan,2023-10-17,Premium
549,Kimberly,Griffin,tdavis@example.com,+1-404-306-4069,Lewisland,2023-12-19,Regular
550,Jane,Wilson,thomaswilliam@example.org,685.950.8137x546,Michaelburgh,2024-12-26,VIP
551,Amanda,Russell,xparker@example.org,(894)367-3144x8289,Port Thomas,2025-02-04,Premium
552,Angela,Holloway,xjohnson@example.net,(202)682-7181,Port Juanchester,2025-06-02,Premium
553,Gregory,Clayton,moniquerandall@example.org,(485)261-5989,East Randy,2024-05-31,Regular
554,Carly,Scott,williamsrichard@example.com,001-415-688-2420x048,New Mollybury,2024-02-07,VIP
555,Michael,Smith,brewerjames@example.org,442.718.5809x03669,Marcusberg,2024-03-08,Regular
556,Derek,Brown,ijohnson@example.com,296-597-1441,East Michaelport,2025-02-13,VIP
557,Tina,Waters,vhutchinson@example.com,+1-920-941-9411x9099,North Peterville,2023-12-07,Premium
558,Jessica,Perry,james35@example.com,837.639.1990x44766,West Kimberly,2024-09-26,Premium
559,Deborah,Sharp,vasquezchristopher@example.org,(833)930-7244x361,West Benjaminstad,2024-08-07,VIP
560,Kristen,Carr,austinsmith@example.net,(406)777-1229x398,North Stephenmouth,2024-03-19,Premium
561,Lisa,Taylor,rodney05@example.org,7069280638,Kellyville,2023-10-11,Premium
562,Melissa,Webb,wlloyd@example.com,(683)509-7997x01586,West Melaniemouth,2024-04-30,Regular
563,Corey,Smith,epaul@example.org,322.585.3985,New Kayleeside,2024-01-24,VIP
564,Derrick,Washington,thomas67@example.org,9444116873,Matthewton,2024-03-12,VIP
565,David,Espinoza,gwade@example.org,287.917.4534x452,Timothystad,2024-05-29,Premium
566,Anna,Navarro,jonesdennis@example.org,588.604.3485,Port Catherine,2023-11-30,Regular
567,Adrian,Robinson,charlesrosales@example.org,6108391853,West Jessica,2024-12-11,Regular
568,Joe,Hebert,joy76@example.net,658.797.7710,Port Holly,2024-12-17,VIP
569,Angelica,Collins,corey22@example.com,517-502-5769x46441,South Alexis,2025-05-24,Premium
570,Michelle,Johnson,mortonchristopher@example.com,293.571.5992x119,Adamland,2024-04-11,VIP
571,Daniel,Cardenas,andersonglenda@example.com,001-614-556-0272x4068,West Michellechester,2025-08-27,VIP
572,Jeremy,Weiss,stephaniefitzgerald@example.com,843.482.4282x94303,Jamesborough,2025-05-16,VIP
573,Molly,Young,kaitlyn70@example.com,210.869.2318x7955,Rebeccastad,2025-09-14,VIP
574,Tammy,Smith,croberts@example.org,468.368.2595,New Courtney,2025-09-23,VIP
575,Suzanne,Lawrence,qdavis@example.org,972-494-5751,Christineshire,2025-06-12,VIP
576,Shannon,Morse,russell19@example.com,892.482.2292,Benderfort,2024-08-06,Premium
577,Jill,Price,conwayanthony@example.com,+1-399-650-0986,New Dianebury,2024-11-24,VIP
578,Dana,Johnson,ufranco@example.net,273.472.7348x405,Hickstown,2023-12-13,VIP
579,Denise,White,rodriguezmark@example.org,967.746.5477,West Lindseytown,2024-12-20,Premium
580,Nicole,Faulkner,gainesjames@example.org,(659)845-8107,Barbaraland,2024-11-04,VIP
581,Raymond,Arellano,yrogers@example.net,+1-519-536-3914,Lake Lisatown,2024-07-13,Regular
582,Lisa,Beck,mary44@example.com,(794)793-9324,West Lindseyfort,2024-09-21,Regular
583,Peter,Humphrey,ywhite@example.net,(375)307-7840,Hardyfort,2024-04-05,Regular
584,Alexa,French,mirandasarah@example.net,477.991.8528x46219,Tinachester,2025-05-14,VIP
585,Patrick,Weaver,roykelly@example.com,253.986.9168x061,North Cheryl,2024-11-05,VIP
586,Michael,Gordon,davidsonbrett@example.com,766-576-0025x5244,Lake Stacieborough,2024-01-22,Regular
587,Dennis,Powell,gibsonjames@example.com,243.314.3405,Port Joeview,2025-09-19,Regular
588,Nathaniel,King,andrew44@example.net,+1-866-260-9560x241,East Jimmymouth,2025-03-04,Regular
589,Audrey,Brown,ywalsh@example.org,252-851-4598x368,Port Sarah,2025-04-16,Premium
590,James,Alvarado,ebennett@example.com,6772476660,West Emily,2025-08-13,VIP
591,Christian,Harris,carolhutchinson@example.net,542.711.4015,Shawnaville,2025-05-19,Regular
592,Brandon,Perry,millergina@example.com,3773564547,East Samantha,2024-04-23,Regular
593,Jason,Lozano,danielwatson@example.com,(777)300-4767x2160,Michaelland,2025-01-21,Premium
594,Melissa,Livingston,kellytucker@example.org,+1-345-756-2335x72485,Leachchester,2024-12-25,Premium
595,John,Maddox,tylertommy@example.org,001-671-990-6453x283,Markborough,2024-08-30,Premium
596,Garrett,Sanchez,ubailey@example.org,897.505.7421x1743,South Tanya,2024-10-02,Premium
597,James,Roberts,petersonjasmine@example.com,001-440-709-9921x456,East Keith,2025-04-26,Premium
598,Hector,Bowman,alanstevens@example.net,388.591.5598x68277,Lake Perrystad,2024-01-17,VIP
599,Matthew,Mills,ryangordon@example.com,4079819572,Lake Andrew,2025-04-20,Regular
600,James,Hodges,vanessabridges@example.org,9378551838,Port Scott,2025-03-05,VIP
601,Wendy,Christensen,westbrian@example.org,(519)243-3567x281,Port Melissaburgh,2025-09-03,Premium
602,Stephanie,Griffin,darylvang@example.org,+1-294-427-9177x8515,Louisberg,2024-09-04,VIP
603,Juan,Mcguire,kerribrown@example.org,(855)609-8219x4994,West Christopherbury,2024-05-04,Premium
604,Eileen,Reed,crystal16@example.org,919-650-0750,New Danielshire,2024-07-03,VIP
605,Devon,Randolph,yrichardson@example.com,818.941.6718,Melissashire,2024-07-31,Regular
606,Angela,West,lopezderrick@example.net,001-893-320-1477,Port Michael,2024-10-29,VIP
607,Lawrence,Fry,jasonrice@example.org,9878104489,West Jared,2024-12-09,VIP
608,Catherine,Gardner,michelletaylor@example.net,(473)594-5169,Bowenbury,2025-09-25,Premium
609,Scott,Parker,john45@example.net,(688)988-9485x4050,Roseton,2024-09-03,Premium
610,Nathan,Garner,edouglas@example.org,(841)835-6682,Richardberg,2025-05-23,VIP
611,Sandra,Hall,fgomez@example.org,(787)586-6840x75252,Odommouth,2024-02-24,VIP
612,Katherine,Brown,leslie18@example.net,001-768-977-4001,Lake Jeffreyberg,2024-11-14,VIP
613,Andrew,Costa,fflores@example.org,001-747-232-4898x182,Michaelton,2025-07-15,VIP
614,Carol,Sosa,vmcbride@example.com,258.696.7617x58197,Bowenville,2025-08-09,Regular
615,Christina,Cohen,williamsjames@example.org,+1-994-871-1905x144,North Gregorybury,2024-02-02,Regular
616,William,Schroeder,kendra37@example.net,914-963-6532x3458,East Nicholas,2025-05-01,Regular
617,Daniel,Sutton,ibrooks@example.net,242.334.6639,Beckerbury,2024-04-07,Regular
618,Brandon,Sanchez,kevin54@example.org,7599828981,Michaelside,2025-06-16,Regular
619,Yvette,Palmer,wmason@example.org,+1-934-768-5341x3470,Port Krista,2025-06-05,VIP
620,James,Ward,millerkimberly@example.org,244-883-4848x0457,Michaelshire,2024-08-25,Regular
621,Ashley,Middleton,yfitzgerald@example.org,643-884-4884,Taylorshire,2024-09-23,VIP
622,Carol,Owens,pmccoy@example.com,6472255887,South Aaronfurt,2024-11-25,Regular
623,James,Booker,makayla66@example.com,(519)891-8463x752,Lake Scottview,2024-07-17,VIP
624,Matthew,Medina,jared88@example.net,001-231-973-7055x597,Gibbsborough,2024-08-14,Regular
625,Jennifer,Guerra,gonzalezkelli@example.org,+1-358-975-5382x91692,Justinshire,2025-05-29,VIP
626,Cynthia,Myers,kristencantu@example.org,001-729-203-7959x7190,Christopherfort,2025-06-12,Premium
627,Jennifer,Nielsen,kellie25@example.com,319-791-4828,Alexanderstad,2024-06-10,VIP
628,Elizabeth,Hamilton,micheal86@example.org,6158282431,Catherinetown,2025-02-13,Premium
629,Joyce,Walker,hollywalsh@example.org,+1-709-553-6828x32809,Claudiaborough,2025-05-28,VIP
630,Martin,Yates,davisseth@example.com,(970)460-9840x0634,Robinsonside,2025-01-11,Premium
631,Emily,Olson,christopher33@example.net,782.476.5753,East Melissatown,2024-08-10,Premium
632,Andrea,Tran,heather31@example.com,+1-927-456-3577x8660,Port Thomaston,2023-10-05,Premium
633,Dylan,Mills,tsoto@example.com,+1-519-311-0053,South Brandonmouth,2024-04-01,VIP
634,John,Bartlett,walkererik@example.net,(924)844-0108x2655,East Cynthia,2024-04-14,VIP
635,Daniel,Bridges,ericcarpenter@example.net,651.700.1978x0696,Taylorview,2025-01-18,Regular
636,Donald,Johns,zobrien@example.net,919.541.3290,Parkerville,2024-02-12,Regular
637,Kelly,Potts,halljose@example.com,+1-680-792-2133x0990,Dennisside,2025-04-16,Regular
638,Eugene,Davis,hernandezann@example.org,653-923-1954,Stephensstad,2024-06-17,Premium
639,Margaret,Petty,rogersstephanie@example.com,565-845-7742x019,Riceshire,2025-04-18,VIP
640,Kathy,Charles,jacob88@example.net,407-666-5911,New Tracey,2024-12-21,Regular
641,Kevin,Dean,levinemichael@example.com,896.522.8780,Juliashire,2025-06-20,Premium
642,Joseph,Bradford,matthew81@example.net,270.336.6033,Gutierrezmouth,2024-10-14,Premium
643,Nicholas,Johnson,ygill@example.net,001-656-998-3352x39475,Lake Sharon,2024-01-12,Regular
644,Noah,Anderson,jennifer55@example.net,+1-628-623-8094x56253,Millerburgh,2023-10-30,VIP
645,Michael,Case,brittany02@example.net,001-907-650-3114x67946,Christopherhaven,2025-09-15,VIP
646,Rachel,Sparks,newmanpeggy@example.net,001-311-494-0286,South Ashlee,2023-11-05,VIP
647,William,Wang,isims@example.org,891-292-5645,South John,2025-08-28,VIP
648,Tina,Gomez,zallen@example.net,466.375.3127,East Brianborough,2023-10-23,Premium
649,Donna,Rose,millscolin@example.org,492.741.5886x2629,Port Tamaraport,2024-04-17,VIP
650,Teresa,Barton,stephaniemartinez@example.net,3783482857,Nashtown,2023-10-08,Premium
651,Kathryn,Johnson,james53@example.com,351.462.2261x980,East William,2023-12-22,Regular
652,Kara,Smith,bjohnson@example.com,(230)627-5942,Velasquezton,2025-04-20,Premium
653,Martha,Lynn,larry56@example.net,001-233-565-5512x963,Lake Josephstad,2025-04-03,Regular
654,Stephanie,Becker,steve76@example.net,+1-555-724-3971x2282,Beanmouth,2025-01-04,Regular
655,Angela,Powell,ccobb@example.org,220.339.0291x411,North Julia,2025-04-02,Premium
656,Adrienne,Hernandez,ortizdouglas@example.com,(620)293-1315,South Blakemouth,2024-02-27,Premium
657,William,Allen,waustin@example.com,(771)608-9861x07756,East David,2025-02-16,Premium
658,Tammy,Hudson,shellygriffith@example.org,841-873-7559,Gabrielleside,2025-01-28,Regular
659,Preston,Shields,elizabethaustin@example.com,263-879-3721,Heatherton,2024-02-12,VIP
660,James,Goodman,fperez@example.net,(591)705-1004x99351,Guzmanshire,2023-11-02,Premium
661,Stacey,Parker,amandarodriguez@example.com,923-352-7742x9254,Simpsonberg,2024-03-03,VIP
662,Christina,Melton,kimdaniel@example.com,789-530-1811x932,Jonesmouth,2024-10-20,VIP
663,Daniel,Sanchez,christopher62@example.org,001-797-962-5502x5500,North Jennyville,2024-04-16,VIP
664,Amber,Salazar,croman@example.net,001-762-577-7222x3770,Rogerbury,2024-12-08,VIP
665,Debra,Todd,ymorgan@example.net,968-752-6625,Fisherstad,2025-03-11,VIP
666,Lisa,Rodriguez,campbellkeith@example.org,962.730.3234,Jermainehaven,2024-10-09,VIP
667,Brenda,Collins,njohnson@example.com,(937)225-6893,New Shawn,2024-08-21,Premium
668,Jon,Smith,curtispeck@example.org,404.254.6619x88797,Lisaville,2024-06-13,Regular
669,Beth,Foster,qschmidt@example.com,(718)326-1433,Omartown,2024-12-23,VIP
670,Allison,Sanchez,ilynch@example.com,392.867.4380,Brookemouth,2024-01-04,VIP
671,Brad,Vargas,martinezcassandra@example.org,+1-531-215-9792x736,Port Stephanie,2024-12-21,Regular
672,Charlene,Donovan,joemills@example.com,+1-636-807-8773,Rebeccafurt,2025-06-23,VIP
673,Amy,Smith,gregory25@example.net,461.793.7664x2882,Danielleberg,2024-03-20,Regular
674,Tiffany,Greene,vjohnson@example.com,714.306.7500x4445,Heathfort,2025-04-30,VIP
675,Kelsey,Cooper,cynthia99@example.net,+1-390-475-1521x1610,Port Brucebury,2025-03-17,Premium
676,Christina,Wright,tamara89@example.net,+1-573-737-8753x11837,Danielview,2025-09-07,VIP
677,Joshua,Bray,christophertownsend@example.org,421.261.0946,North Tarafort,2025-08-20,Regular
678,Diane,Hall,pkane@example.com,980.696.4761x328,Griffinhaven,2025-01-03,VIP
679,Bridget,Silva,cantrelljames@example.net,001-503-754-7003x87377,Lake Todd,2024-03-12,Premium
680,Jeremiah,Garrett,aarongarza@example.com,(375)745-2712x050,Harrisonfort,2024-01-11,Regular
681,Holly,Garrett,susan50@example.com,001-838-388-5723,Michaelmouth,2024-12-09,Premium
682,Kimberly,Rowe,marksmathew@example.org,409.803.2245x612,Nicoleport,2025-09-11,Premium
683,Christine,Beck,stuartmartin@example.net,(419)836-9765,Martinezshire,2024-06-23,Premium
684,Penny,Spencer,victoria95@example.com,+1-935-939-6293x0976,Westberg,2025-04-10,Regular
685,Anthony,Moore,jamesjimenez@example.com,494.250.8556x189,Lake Stephanie,2025-03-30,Premium
686,Anthony,Walker,xdixon@example.net,598.551.6428,Port Devin,2023-11-19,Regular
687,Michael,Knight,xmoore@example.org,(304)882-4352x5030,New Justinmouth,2023-11-07,VIP
688,John,Anderson,seanclark@example.com,471-278-6768x347,New Keith,2024-04-01,Regular
689,Christopher,Dickson,kramerjeffery@example.com,001-895-725-0288x54377,Janetstad,2024-06-12,Premium
690,Daniel,Page,elizabethweeks@example.net,844-211-9242x7650,Port Theresatown,2024-04-07,Premium
691,Elizabeth,Berry,mirandapoole@example.net,+1-634-342-8826x05271,North Douglas,2024-06-03,Premium
692,Michelle,Smith,matthewmorgan@example.com,456-464-3664x6415,Port Christinahaven,2024-12-26,Regular
693,Larry,Campbell,timothylawson@example.net,3376845986,East Carrie,2023-10-26,Regular
694,Vickie,Hall,williamsbrandon@example.net,331-468-1725,New Sarah,2025-08-03,Regular
695,Scott,Johnson,fnelson@example.com,001-860-393-0996x4199,Bradleyshire,2023-11-02,Regular
696,Catherine,Hernandez,christopher91@example.org,001-383-699-1197x5739,North Derrick,2024-12-11,Premium
697,Vanessa,Turner,ibarralaurie@example.org,515.817.0739x296,Parkermouth,2025-03-26,Premium
698,Denise,Brown,richardsonjill@example.net,(802)232-3257x633,Michaelhaven,2025-02-03,Regular
699,Brian,Reynolds,christinahernandez@example.com,628-968-1842x541,New Patricia,2024-10-03,VIP
700,Jessica,Bailey,troy84@example.net,001-718-724-6585x39051,New Sonyaside,2023-10-27,Premium
701,Ronnie,Phillips,michaelfernandez@example.com,381.516.8748x238,Lake Shannon,2024-04-14,Regular
702,James,Castillo,richardruiz@example.net,647-610-5490x061,Port Erinmouth,2024-07-06,Premium
703,Lisa,Flores,nicolegreene@example.org,312.787.5540x12276,East Anthonymouth,2024-09-08,VIP
704,Melissa,Scott,timothysimmons@example.net,+1-533-660-6479,New Edwinshire,2025-04-15,Regular
705,Joshua,Williams,michael73@example.net,001-259-212-6322x72159,Lake Michele,2024-04-03,Premium
706,Michael,Barber,zmccann@example.com,594-751-3897,West Tonya,2024-07-09,VIP
707,Jacqueline,Price,stewartjennifer@example.net,277-943-9654x51924,Chavezchester,2025-08-16,VIP
708,Jill,Warren,mendezkerri@example.net,3224399680,Mooreburgh,2024-08-08,Regular
709,Erin,Harrison,paul65@example.net,+1-252-421-3077x327,Port Tyler,2025-05-31,Regular
710,Francisco,Gibson,gutierrezkevin@example.com,+1-579-247-5951x927,Kellyfort,2024-02-11,VIP
711,Catherine,Swanson,ramosmelinda@example.com,2789620553,New Christopherfort,2025-04-13,VIP
712,Michael,Nichols,charles97@example.org,857-991-2140,Matthewview,2025-02-17,Regular
713,Carolyn,Jordan,amanda16@example.org,667-648-9480,Mcdonaldton,2024-03-27,Regular
714,Michael,Phillips,thomas69@example.net,(422)402-4123x319,Port Margarethaven,2025-01-30,Premium
715,Karen,Ayers,wardstephen@example.org,+1-475-435-0252,Wilsonborough,2025-01-17,VIP
716,Jessica,Lee,xdavis@example.org,8842258142,North Jamesberg,2024-01-20,Regular
717,Laura,Calderon,daniellecole@example.net,558.405.0766,East Karenside,2024-08-07,Regular
718,Ryan,Jackson,afernandez@example.org,514.222.2916x8036,Lake Sandraview,2025-01-18,Regular
719,Sarah,Morrow,megan92@example.com,915-272-1409,Ramseyborough,2024-11-29,Premium
720,Billy,Lynn,vrobinson@example.com,+1-367-252-9012x52168,North Sheri,2024-03-01,VIP
721,James,Merritt,omarschneider@example.org,001-579-474-9414,Gailville,2023-10-06,Premium
722,Manuel,Wu,michellesullivan@example.com,(976)457-7100x66163,Melvinborough,2025-09-23,Premium
723,Elizabeth,Dawson,brittanyshelton@example.net,736-668-9972,Ronaldside,2024-07-17,Regular
724,Tyler,Williams,karisantos@example.net,9555244034,Princehaven,2024-07-16,Premium
725,Heather,Brown,loganmartinez@example.org,(913)808-4451x7165,Martinezfort,2024-12-02,Premium
726,Martha,Stephens,smithrobert@example.net,001-306-889-7519x24861,Kirstenmouth,2025-08-08,Regular
727,Christina,Stone,james93@example.org,6503422833,West Keithtown,2025-08-11,Regular
728,Nancy,Walker,rvalentine@example.net,474-828-5924,Mccarthyborough,2025-08-20,Premium
729,Seth,Anderson,kyliegraham@example.org,(515)365-5705x183,South Jeff,2024-05-05,Premium
730,Alec,Santos,reyesmarissa@example.com,547-805-5002,Ruizfort,2024-08-20,VIP
731,Lee,Sullivan,dalton36@example.net,7628051400,East Nicholas,2025-02-04,Regular
732,April,Rich,cory01@example.org,869-213-5559,Michelleborough,2023-11-13,Regular
733,Sean,Thompson,april61@example.net,001-454-569-7657,West Anthonyburgh,2024-11-21,Premium
734,Jessica,Sims,kristi69@example.com,001-914-294-0050x347,North Cynthia,2023-12-30,VIP
735,Douglas,Gutierrez,christopher71@example.net,2333657856,Candicefurt,2025-04-30,Premium
736,Tammy,Pena,wwest@example.com,2077802554,South Rebeccashire,2024-10-27,Regular
737,Jennifer,Serrano,daniel51@example.com,481.310.9038x8994,Marymouth,2025-06-01,VIP
738,Rebecca,Robles,olivia52@example.com,670.678.4076x2818,East Kaitlinton,2023-12-20,Premium
739,Michael,Perry,sonyacoleman@example.org,001-908-613-5162,Scottton,2023-10-04,VIP
740,Felicia,Johnson,daniel24@example.net,001-499-395-8354,Michelleberg,2025-09-12,Regular
741,William,Stanton,ugibbs@example.net,+1-595-576-1865x500,Danielfurt,2024-07-24,Premium
742,Annette,Guzman,freemanrobert@example.net,001-916-604-9481,Hoborough,2025-08-03,VIP
743,Kenneth,Collins,tonyaarcher@example.com,+1-589-999-8472x436,Mirandaville,2024-10-01,Regular
744,Thomas,Lee,christophermendez@example.com,581.490.9985x26401,Lake Sandraborough,2025-08-16,Regular
745,Christopher,Martin,lindseysmith@example.net,252.202.9075,Jacobport,2025-04-13,Regular
746,Gina,Perez,lori93@example.org,(892)420-7472x1983,Millerland,2025-09-17,Premium
747,Melissa,Warner,linda58@example.com,(403)386-6567x465,Jesusmouth,2025-02-20,Regular
748,Felicia,Wright,taylorsimmons@example.org,908.736.2920,Lake Alison,2025-09-22,VIP
749,John,Kim,tiffanyweiss@example.org,318-271-5385x5680,Markport,2024-06-16,VIP
750,Jason,Hardin,aray@example.org,(250)556-0571,East Christopher,2024-06-01,Regular
751,George,Garcia,gonzalezrobert@example.com,001-338-632-6426x208,East Paula,2024-10-06,VIP
752,Charles,Wright,brett48@example.org,319-207-6145x4262,North Michelleberg,2024-03-31,Premium
753,Rebecca,Torres,jacobsonanthony@example.com,+1-582-479-9261x7613,Port Christinahaven,2024-09-25,Regular
754,Eric,Armstrong,jonescindy@example.org,001-308-252-7715x2908,Port James,2024-08-23,Regular
755,Amy,Liu,timothyhernandez@example.com,603-998-2276,Daisyview,2024-01-28,Regular
756,Christine,Torres,jessicahenderson@example.net,3728880554,Reidside,2023-11-12,Premium
757,Brad,Vasquez,jacksonjonathan@example.org,592.565.9408x86977,New Elizabethfort,2025-03-28,Regular
758,Virginia,Byrd,santanabrooke@example.org,(641)857-1158x106,Heidistad,2024-09-11,Regular
759,Emily,Hansen,browndaniel@example.org,+1-801-581-8433x948,Danastad,2024-02-15,VIP
760,Molly,Li,amygreen@example.com,339-538-8968x20354,Lake Andrea,2023-10-04,Regular
761,Joseph,Trevino,stevenhall@example.net,(220)644-7565,Reneeshire,2023-12-17,VIP
762,Melinda,Harrison,jason95@example.net,001-983-782-8670x6801,Carlsonburgh,2024-06-22,Regular
763,William,Smith,marydiaz@example.com,001-903-804-2962x5459,Kristinville,2024-02-16,Regular
764,Michael,Jenkins,georgescott@example.com,504-945-3309x5429,Mooreton,2024-12-18,Premium
765,James,Adams,michele90@example.org,377-917-5466x450,Port Jesse,2024-03-08,Premium
766,Brittany,Harrington,fharrison@example.net,997-712-9757,New Luisburgh,2025-01-27,Regular
767,Tammy,Moreno,jeremy76@example.com,(495)968-1961,Lake Stephenview,2024-08-05,Regular
768,Rhonda,Fox,lynchthomas@example.net,495-715-3949x0397,New Christina,2024-11-12,VIP
769,Timothy,Rios,lbrown@example.com,718-857-2085,Lake Garyburgh,2024-04-29,Premium
770,Christina,Barker,hflores@example.com,623.978.3632x69440,South Michael,2024-01-06,Premium
771,Brian,Brewer,zhart@example.org,420-609-5323x640,South Charles,2025-03-05,VIP
772,Alicia,Brown,garciabrian@example.org,6072883063,West Louiston,2024-07-02,Premium
773,Stephanie,Smith,nancy08@example.com,704.723.4527x400,Port Shane,2023-11-26,Premium
774,Carolyn,Page,yramsey@example.com,522.475.3049x9793,West Reneestad,2024-02-14,VIP
775,Robert,Heath,kimberly43@example.net,(267)689-9662,East Debra,2024-02-18,Premium
776,Erica,Carlson,crystalwells@example.net,001-287-337-9721x1350,Anthonyside,2024-12-14,VIP
777,Mark,Williams,matthewgardner@example.net,+1-887-754-1484,Williamton,2025-09-25,Premium
778,Allen,Brown,kfowler@example.net,(555)632-1525x0857,East Jeffery,2023-10-26,VIP
779,Robert,Jackson,julie81@example.org,001-262-910-5446x687,South David,2024-06-21,Premium
780,Sarah,George,gilbertamber@example.org,568.701.0148,Orrhaven,2024-11-07,Regular
781,Madison,Allen,zpalmer@example.com,232.920.2180x164,Annfurt,2024-10-25,Regular
782,Mary,Grant,nelsonkevin@example.org,(795)608-1251x79875,Ryanfort,2025-06-18,Regular
783,Zachary,Woodard,marissa31@example.com,696-999-9159,East Gregoryshire,2023-11-09,VIP
784,Frederick,Herrera,walkerrebecca@example.com,001-836-506-3728x449,New Martin,2025-05-27,Premium
785,Brianna,Rasmussen,valeriebishop@example.org,6917744417,Coreybury,2023-11-10,Regular
786,April,Riley,wdaugherty@example.org,365-735-0834,Kimberlystad,2024-09-18,VIP
787,Dwayne,Daniels,atkinsleslie@example.com,474-593-0869x830,West Lisaberg,2025-03-14,Regular
788,Nancy,Lopez,greenamy@example.net,613.583.3298,Martinezport,2025-07-21,Regular
789,Kristine,Reyes,gallegosangela@example.org,001-366-766-9036x84669,Leborough,2024-02-12,VIP
790,Paul,Cole,larsonmichele@example.com,(239)236-8585,Flemingfurt,2025-08-07,VIP
791,Andrea,Russo,vcrosby@example.com,333-874-2726,Christopherview,2025-01-15,Premium
792,Shawn,Carpenter,brittany64@example.net,+1-409-455-4150x777,Lake Mike,2025-08-03,Regular
793,Andrew,Romero,iroberts@example.net,(445)879-1307,Daltonmouth,2024-07-10,VIP
794,Ricardo,King,johnsonrobin@example.org,+1-465-641-2666x8410,West Kelly,2024-06-10,Premium
795,Michelle,Stevenson,rebeccadouglas@example.com,(306)375-1684x58517,Brownmouth,2025-04-01,Regular
796,Rachel,Patterson,donna53@example.com,349.932.2819,East Jayhaven,2024-01-19,Regular
797,Susan,Berg,vargasconnie@example.org,682.491.9844,New Michael,2024-01-22,Premium
798,Robert,Vargas,eadams@example.org,(653)820-5329x219,Davidmouth,2024-02-04,VIP
799,Alexander,Burns,michael14@example.net,5673882142,Davidborough,2025-09-13,Premium
800,Crystal,Hall,peterbutler@example.net,(777)942-3792,Jennifershire,2024-12-30,VIP
801,Jacob,Wilson,vquinn@example.org,+1-450-629-3549x598,Catherineshire,2025-08-14,Regular
802,Matthew,Wiggins,trivera@example.com,+1-879-222-8430x7962,Lake Joshuaton,2024-05-01,Premium
803,Benjamin,James,youngjustin@example.net,482-241-6832x049,West Tammymouth,2025-05-07,VIP
804,Nathan,Sanders,henry80@example.org,(350)663-0656,Josephview,2025-03-18,Premium
805,Julia,Orr,christiankim@example.net,270-446-8985x52524,Schultzmouth,2023-10-05,VIP
806,Patrick,Harper,doris60@example.com,001-304-307-8300x73737,West Gabrielleview,2024-07-15,VIP
807,Kristin,Gallegos,griffinstacy@example.net,+1-427-387-8741x05734,Brettshire,2025-07-19,VIP
808,Karla,Johnson,simpsonkathleen@example.com,446-867-9824,East Laurenmouth,2024-09-17,VIP
809,Mary,Bailey,kevin35@example.com,4308125741,Mckenziemouth,2025-07-30,Premium
810,Ryan,Harris,mrichardson@example.net,542.726.2979x62515,Brownfurt,2024-03-27,Regular
811,Scott,Jones,dyerashley@example.com,+1-932-255-1659x0734,Scottbury,2025-04-14,Regular
812,Andrew,Buchanan,zmartinez@example.net,(967)295-0528x4570,Jessicahaven,2024-06-25,Regular
813,Donna,Contreras,rhicks@example.net,+1-240-996-7679x704,South Tinashire,2024-08-28,Premium
814,Christopher,Howell,brownmelanie@example.org,+1-655-710-6222x4012,Cooktown,2025-03-12,VIP
815,Amanda,Chapman,yolanda52@example.net,997-445-4829,Davisview,2025-04-07,VIP
816,Kelly,Bradley,mahoneytammy@example.com,606.999.7173,Garciaborough,2024-09-02,Regular
817,Carolyn,Marks,danielle00@example.com,853.874.0701,Phamberg,2025-04-23,VIP
818,David,Reilly,lindsaytorres@example.com,(861)290-8724,North Ryanberg,2024-09-10,Premium
819,Sharon,Martinez,katherineruiz@example.com,844.916.8524x97568,Lake Jason,2023-10-08,VIP
820,Joshua,Mcclure,fcoleman@example.com,476-228-5153,West Daniel,2025-08-14,Premium
821,Mary,Johnson,qmckay@example.com,(540)234-6366x382,Lake Richard,2025-03-06,VIP
822,Charles,Garcia,manuelsnyder@example.org,+1-407-606-5519,North Robert,2025-02-16,Regular
823,Kelly,Harmon,strongjeff@example.com,001-865-782-4644x35028,Albertstad,2024-06-21,VIP
824,Aaron,Smith,zcarey@example.com,001-534-815-1830x40850,Vazquezmouth,2024-01-20,VIP
825,Lisa,Marshall,julie90@example.net,843-651-2400,Warnerchester,2024-08-04,Premium
826,Cynthia,Johnson,sgreen@example.com,861-304-1007x52465,Morriston,2023-10-20,VIP
827,Aaron,Hernandez,vrussell@example.com,+1-809-748-1018,Lake Hannah,2024-01-31,VIP
828,Eduardo,Sanchez,alexandermiller@example.org,842-751-2095x858,North Robertville,2025-01-18,Regular
829,Sheila,Robertson,devinhowell@example.net,221.793.8759,Port Heatherburgh,2025-04-09,VIP
830,Andrew,Mcdowell,wagnerrenee@example.org,+1-345-409-7740x797,New Michaelville,2025-04-10,VIP
831,Richard,Wilson,loveangie@example.net,986.217.6377x49884,Gregorystad,2024-02-11,Premium
832,Michael,Barnes,jbradford@example.net,+1-854-344-9077x990,Cruzshire,2024-07-01,VIP
833,Luis,Flores,santanaabigail@example.com,(989)879-8425x9129,New Thomasside,2024-02-17,VIP
834,Terri,Kline,fisherrobin@example.com,6203994011,East Duane,2025-05-08,Regular
835,Victoria,Haynes,charles25@example.net,+1-462-264-2024x739,Port Evanville,2025-09-04,Regular
836,Dawn,Sullivan,james24@example.com,(378)652-6060,South Elizabethburgh,2023-10-07,Premium
837,Joshua,Erickson,mannfrederick@example.net,+1-681-693-4484x59351,Lopezborough,2025-01-18,Regular
838,Amy,Martinez,bpark@example.org,642-324-8166x684,Randyview,2024-05-10,Regular
839,David,Sanders,knoxgail@example.org,(879)258-6487x82486,Davidport,2025-01-14,Premium
840,John,Rodriguez,dylan89@example.com,225.760.4937x6005,Rachelshire,2023-11-10,Premium
841,Thomas,Williams,wilkinscameron@example.org,399-832-8707,New Michellemouth,2024-03-25,VIP
842,David,Curtis,cheryl35@example.net,(784)535-3445x609,Alyssastad,2024-04-04,Premium
843,Patrick,Brown,karenrogers@example.org,567.281.0208x6983,Jennifermouth,2024-07-11,Premium
844,Melissa,Carr,mark82@example.com,289.619.3218x7882,Bellchester,2024-05-27,Premium
845,James,Gray,kennethwatkins@example.net,7135737507,South John,2025-01-18,Regular
846,Lauren,Morris,xjohnson@example.com,001-227-520-1213x298,North Jason,2025-06-11,VIP
847,Chad,Williamson,paula25@example.org,526-273-6485,Christopherton,2025-02-16,Premium
848,Kristy,Fleming,brenda27@example.org,913.220.4339x2469,Ralphmouth,2024-10-31,VIP
849,Deanna,Fitzgerald,fchristensen@example.net,249.979.7714,Walkerborough,2024-08-09,VIP
850,Sergio,Young,fcastillo@example.org,224.477.0120x884,Alexanderland,2024-07-15,Regular
851,Louis,Smith,anthony62@example.org,916.935.4000x27322,Lake Kyle,2024-04-09,Premium
852,Donald,Hardy,richardrose@example.net,(540)451-6859,Sarahstad,2025-03-09,Regular
853,Margaret,Reynolds,dgarza@example.com,2974237837,Davidmouth,2024-09-19,VIP
854,Kayla,Miller,karahartman@example.net,(213)261-2568x81805,Lake Justin,2024-07-20,Regular
855,Heather,Rollins,sheapatrick@example.net,(891)957-4495,North Julie,2024-08-26,Regular
856,Donald,Moore,zmurray@example.net,001-484-938-6469x64090,Shelleyview,2025-01-12,Premium
857,Jeremiah,Alvarado,shull@example.net,5324070878,East Robert,2024-09-30,VIP
858,Adrian,Phillips,yperkins@example.net,001-858-992-1001x92309,Corybury,2024-01-07,Regular
859,Cory,Robinson,matthewstewart@example.com,001-575-442-0487x35065,Elizabethton,2025-01-06,Regular
860,Patrick,Sanders,emelendez@example.org,435.589.6712x0842,Bonillastad,2024-06-04,VIP
861,Kelsey,Lee,justin28@example.org,290.969.5007x09813,Johnnybury,2025-07-18,Premium
862,Nicholas,Douglas,toddclark@example.net,001-326-273-6599x77877,Moorestad,2025-03-28,Premium
863,Jamie,Austin,ipark@example.org,840.217.9443,Hunterchester,2025-08-18,VIP
864,Roy,Armstrong,thompsonsusan@example.net,+1-405-260-1528x5429,Russellmouth,2025-06-20,Regular
865,Jerry,Reed,cherylrojas@example.com,001-790-741-3419x3680,Jamesshire,2023-11-18,VIP
866,Ryan,Brown,john13@example.net,933.277.0317x1566,Lake Tammy,2023-11-30,VIP
867,Maria,Reese,craigdiaz@example.org,+1-480-675-8011x535,Ericaton,2025-03-13,Premium
868,Charles,Blair,rebeccawilliams@example.org,(207)358-1258,Martinstad,2025-09-10,VIP
869,Gerald,Dickerson,mariaburton@example.org,(940)700-2715x706,Gutierrezfort,2023-12-12,Regular
870,Sarah,Mason,benjaminmoore@example.net,001-669-228-6465x80245,East Melanie,2024-01-02,Regular
871,Amanda,Curtis,william47@example.net,001-712-758-3279x56132,North Christopherbury,2025-05-09,Premium
872,Ashley,Jacobson,lisa13@example.org,001-707-651-7799x6273,Banksland,2024-08-05,Regular
873,Charles,Edwards,timothy44@example.com,501-893-6777,Ochoafurt,2024-03-28,Regular
874,Cheryl,Alvarado,john47@example.com,001-439-362-5675,Bobbyport,2024-04-24,Regular
875,William,Bates,lisa28@example.net,001-632-619-9535,New Austinchester,2024-01-12,VIP
876,Zachary,Washington,rhall@example.net,+1-264-504-7522x2403,Mullinsside,2025-01-14,VIP
877,Kristina,Strickland,bookerdenise@example.org,(746)661-2346,Davisbury,2024-01-15,VIP
878,Anthony,Carr,millerruth@example.com,544.996.7362,Tuckerport,2025-02-12,VIP
879,Marissa,Washington,hnelson@example.org,747-525-8677x311,East Rebecca,2025-08-12,Regular
880,Christine,Fernandez,zstanley@example.org,899-590-5941x8456,Port Rita,2024-10-11,VIP
881,Nicholas,Jones,charles35@example.net,3522753021,Michaelchester,2024-02-19,VIP
882,Mark,Hicks,cynthia09@example.net,001-992-235-2189x71278,Aaronhaven,2023-12-10,VIP
883,Louis,Howard,rsmith@example.net,890-275-4900,Lake Megan,2025-03-30,VIP
884,Erica,Richardson,psmith@example.net,9622642068,New Julie,2025-08-03,VIP
885,Gerald,Brennan,qadams@example.com,(718)279-2343,North Kelli,2024-09-29,Premium
886,Ruth,Williams,jenniferadams@example.com,995.820.6270x251,Lake Jamieside,2024-05-01,Regular
887,Karen,Adams,ystevens@example.net,692-220-1336,East Emily,2025-03-28,VIP
888,Nicholas,Frank,michelle11@example.org,(367)531-7983x263,Jessehaven,2024-04-14,Premium
889,David,Davis,alanrocha@example.com,860.371.8352,Wattsville,2024-10-12,Regular
890,Michael,Hobbs,michaelortega@example.net,001-747-762-3089,Jackieton,2024-01-02,VIP
891,Dorothy,Campbell,griffinkimberly@example.net,751.795.8939x192,South David,2025-03-23,VIP
892,Christopher,Harris,emoran@example.com,001-573-573-1170x5010,Lake Robertville,2024-10-26,Premium
893,Cynthia,King,robin06@example.com,001-680-920-1717x30325,Bakerville,2024-10-24,VIP
894,Harry,Shepherd,dawn56@example.net,728-601-3600x560,East Adrienne,2025-09-09,Premium
895,Michael,Castro,rossleslie@example.com,219.947.8910,Johnsonstad,2024-12-15,Regular
896,Mary,Olson,adamsandrew@example.net,001-591-345-9533x940,New Donald,2024-10-05,Regular
897,Breanna,Patrick,crystalperry@example.net,977-399-4112x535,East Lindsaytown,2025-05-20,Premium
898,Crystal,Jimenez,alyssa23@example.com,+1-374-526-3869x890,Lake Christinahaven,2024-03-13,Regular
899,Louis,Merritt,jacobsonkelly@example.org,944.536.9926,Christopherborough,2025-06-17,VIP
900,John,Shea,elizabethmay@example.com,+1-374-916-1709x65949,Robinfort,2025-05-06,VIP
901,Robert,Dixon,reneesmith@example.org,001-986-604-4277x0997,Davidfurt,2024-07-21,Regular
902,Ryan,Cox,teresahowell@example.com,308-699-9795x28372,Pennyville,2025-09-25,Regular
903,Emily,Riley,simonbrian@example.com,668.441.6654x804,Beanview,2025-05-19,VIP
904,Timothy,Mayer,ccole@example.org,+1-701-996-1614x517,North Williamshire,2024-09-28,VIP
905,Steven,Shaffer,felicia66@example.org,001-585-906-3245x608,Bridgesshire,2024-07-27,Premium
906,Kelly,Miller,matthew89@example.net,001-473-559-7347x269,Amandafort,2024-01-02,Regular
907,Melanie,Baker,erin64@example.com,001-414-886-8597x32597,New Amanda,2024-02-25,Premium
908,Dylan,Garcia,monica51@example.net,001-704-335-0916x9148,North Stephanieview,2024-11-30,VIP
909,James,Fuller,pagealexis@example.net,603.299.8086x18834,Andrewborough,2024-10-05,Premium
910,Robert,Oconnor,jessica29@example.com,001-793-597-7497x9047,Charlesland,2024-06-29,VIP
911,Jesus,Walker,johnsonmaria@example.org,268-738-1089x8590,East Jennifer,2024-06-29,Regular
912,Gabrielle,Ramsey,blankenshipscott@example.net,001-593-569-1160x078,Port Larry,2024-09-25,VIP
913,James,Blake,gmartinez@example.org,227.900.5790,Whiteton,2024-04-21,Regular
914,Jennifer,Wood,vincentgalvan@example.org,001-524-540-7416x5055,Jamiebury,2023-10-26,Regular
915,Ryan,Roberts,ublackburn@example.com,828-493-3402x36590,East Diana,2024-10-11,Premium
916,Christopher,Cole,gwaters@example.com,001-965-212-5248x509,Simmonston,2024-10-21,VIP
917,Michael,Hall,michele97@example.net,514.659.0157,Lake Mistyberg,2025-03-15,VIP
918,Victoria,James,acevedobeth@example.com,3965961717,Arielland,2024-10-24,Regular
919,Anthony,Rodriguez,moliver@example.com,001-555-528-5647,North Rebecca,2024-01-22,Premium
920,Lisa,Andrews,jmiller@example.net,001-900-656-1400x92056,Buchananton,2025-01-04,Regular
921,Stephanie,Grant,lindsay88@example.org,717-952-7301x46669,Bernardside,2024-03-07,Regular
922,Brenda,Mills,delgadodean@example.net,494.681.9456,Jamestown,2025-04-22,Premium
923,Scott,Hayes,morrispamela@example.org,617.441.7988x34324,West Randy,2025-04-12,Premium
924,Anthony,Moore,nicholas65@example.net,(642)833-3528x91124,North Sierrashire,2025-05-26,VIP
925,Ralph,Mathews,thomashernandez@example.com,(620)909-5359x5433,Lovefort,2023-12-17,Premium
926,Troy,Thomas,belljustin@example.net,+1-271-797-8860x72892,Livingstonstad,2024-06-03,Regular
927,Jessica,Palmer,davidwaller@example.org,218.910.4156x196,South Craig,2024-07-14,Regular
928,Joseph,Peterson,sherrymorton@example.com,+1-473-956-5560x348,Joshuafurt,2025-07-22,VIP
929,Laurie,Ray,mark91@example.com,(799)895-7818x698,Collinsville,2024-12-17,Regular
930,Randy,Brown,harrisonregina@example.com,504-768-1667x00593,New Tamara,2025-04-23,Premium
931,Paul,Wilson,barbara32@example.com,(799)792-9925,East Markmouth,2025-09-10,Premium
932,Andrea,Crosby,david24@example.com,443.350.8409x8054,Duartetown,2025-08-15,Premium
933,Roberta,Lee,alexanderramirez@example.org,(666)521-9908,Stephaniefurt,2024-08-21,VIP
934,Joshua,Smith,dawsonjohn@example.net,001-805-881-5618x9223,Huangmouth,2025-01-25,VIP
935,Lisa,Ramos,brianna46@example.com,4147991857,East Tammy,2024-10-24,Regular
936,Alejandra,Myers,joshuataylor@example.com,(249)764-2614x2117,Owensfurt,2025-04-07,Regular
937,Denise,Haynes,seanrichardson@example.com,347-368-6137x2821,Port Shelbyland,2025-04-24,Regular
938,Keith,Pittman,james07@example.org,375.370.2891,Erinmouth,2024-06-18,Premium
939,James,Wells,gwerner@example.com,+1-370-333-2037x587,South Mary,2025-05-29,Premium
940,Jennifer,Smith,lammeghan@example.com,569.596.5969x8213,Mooreburgh,2024-10-19,Premium
941,Abigail,Lynch,karenrichards@example.com,(734)220-1208,Austinberg,2025-08-13,Premium
942,Nicole,Ryan,knightclinton@example.net,501-785-8346x81573,Jonathanshire,2025-01-02,Regular
943,Mary,Gilmore,richard85@example.com,253.394.8128x057,Knightchester,2024-06-03,VIP
944,Ashley,Alvarez,ereed@example.net,5062595243,South Cliffordbury,2024-06-01,Regular
945,Thomas,Chambers,christopher98@example.org,3275120194,West Theresaberg,2025-03-28,Premium
946,Kimberly,Carter,jamieolson@example.org,873-561-0388x268,Port Amandahaven,2025-02-07,Regular
947,Carlos,Carter,sandra16@example.com,455-884-0561,Keithmouth,2024-02-02,VIP
948,George,Robinson,spatel@example.com,(676)621-6298,Davismouth,2025-06-18,Regular
949,Ryan,Powell,ericksonbrittany@example.com,(353)936-4670,New Christianside,2025-09-21,Regular
950,Renee,Clark,denisebell@example.org,409-590-2726x773,Whitehaven,2025-03-20,Premium
951,Amanda,Mejia,nina88@example.com,418.686.6019,Jaymouth,2025-02-27,Premium
952,Tara,Coleman,bassjill@example.org,3655122668,Lewischester,2025-08-15,Regular
953,Stacey,Walters,xwalters@example.com,460.988.5266x6321,North Matthew,2024-06-26,VIP
954,Jennifer,Leblanc,adrian67@example.com,(813)570-6353x266,North Jennifer,2024-09-30,VIP
955,William,Smith,hooperalec@example.net,+1-827-502-0861,Patrickchester,2024-06-21,Premium
956,Leslie,Pennington,kyle61@example.org,001-668-436-9299,New Bradleyburgh,2024-06-29,Premium
957,John,Hall,lzhang@example.org,310.532.3851,New Jonathan,2024-02-19,Premium
958,Miranda,Whitaker,george34@example.org,516-621-6530x207,Drewside,2025-01-31,Premium
959,John,Peterson,dennis97@example.org,434-253-0264,East Derrick,2023-12-05,Premium
960,Gregory,Fernandez,tmitchell@example.com,001-675-269-2133,Markhaven,2025-01-16,VIP
961,Luis,Smith,ydixon@example.org,(929)589-8888,Mariafurt,2024-10-12,Regular
962,Allison,Simon,longwayne@example.com,+1-331-939-0545x79655,New Thomas,2024-06-02,Premium
963,Jose,Moore,jacksonjacqueline@example.net,001-882-422-5559x41240,Connieburgh,2025-04-29,VIP
964,Sierra,Park,ygarcia@example.org,001-891-242-6380x0601,Anthonychester,2025-03-24,Premium
965,Angela,Dunn,elizabethwalton@example.net,001-694-998-4089,New Laurenfurt,2024-11-19,Premium
966,Michael,Riggs,dalton99@example.net,310.210.0611x2025,Patelshire,2025-04-01,VIP
967,Timothy,Bonilla,millermichael@example.net,434-858-4695x08437,South Ashleyville,2024-07-02,Regular
968,Kristen,Brown,thompsongregory@example.com,001-845-884-0608x952,Brandontown,2024-11-05,Regular
969,Sara,Baker,barbara11@example.com,(292)527-4214x4309,North James,2024-08-28,VIP
970,Catherine,Smith,michaelcoleman@example.net,875.337.3061x576,Christinaside,2025-04-03,Premium
971,Tricia,Wright,bergerpriscilla@example.com,001-903-418-3722x2244,Thomasmouth,2024-08-21,Premium
972,Mary,Flores,inelson@example.org,+1-903-207-9370,Montesfort,2025-02-06,Premium
973,Daniel,Keith,john12@example.net,551-960-4366,Lisamouth,2025-03-03,Premium
974,Elizabeth,Chandler,ijones@example.com,881-441-3609,North Cynthiabury,2024-05-13,Regular
975,Dana,Levy,jennarobertson@example.com,(949)730-0543,South William,2025-09-13,Premium
976,David,Woods,bakerrebecca@example.com,706-950-2184x9178,Kimberlyburgh,2024-11-24,Regular
977,Brianna,Price,olynch@example.com,001-758-758-9231,Whitemouth,2024-02-27,Premium
978,Natalie,Pope,amandarosario@example.com,(565)844-1097x39512,Steelefort,2024-05-03,VIP
979,Olivia,Olsen,vmcclure@example.net,6657575273,East Steven,2024-06-26,VIP
980,Lisa,Thornton,nwood@example.net,(226)421-7728,Leetown,2025-03-28,Regular
981,Heather,Cobb,jasonstuart@example.com,(954)898-2508,New Ryan,2024-06-10,Regular
982,Raymond,Tucker,willispatricia@example.com,(446)945-7701x00858,North Amyshire,2024-11-08,Regular
983,Julie,Schultz,brownandrew@example.net,251-379-9162x16567,North Amberside,2025-01-09,VIP
984,Timothy,Hunt,martinmckenzie@example.com,001-855-287-0414x32281,Lucaschester,2023-11-16,Premium
985,Bailey,Grant,traviswong@example.com,(573)652-5507,Cainberg,2025-01-12,VIP
986,Christopher,Garcia,bbush@example.net,793-415-2574,East Rogerfort,2024-06-28,Premium
987,Christine,Johnson,james10@example.com,(915)416-4981,Port Thomas,2023-10-16,Regular
988,Scott,Smith,nduarte@example.org,236.481.0170x93847,Lake Alexander,2025-09-05,Premium
989,Amy,Jones,carolweaver@example.net,(985)380-2391x393,Codyport,2025-05-18,Premium
990,Lauren,Sanders,timothymcclure@example.com,8043153821,Scottfort,2025-06-14,Premium
991,Kevin,Davis,sandovalbradley@example.com,001-436-342-9208x02755,New Brianborough,2024-10-11,VIP
992,Ashley,Green,amytrevino@example.org,(703)380-9769,Port Vicki,2023-12-09,Regular
993,Amy,Williams,underwooddonald@example.com,(958)628-9488x4013,South Hunter,2024-09-14,Regular
994,Teresa,Robles,washingtonangela@example.org,984-390-5403,Tonyastad,2024-12-18,VIP
995,Lindsey,Thompson,cynthia98@example.org,(587)962-1918,Brownborough,2024-05-06,Regular
996,Ann,Novak,robin86@example.org,001-207-791-7368,Port Donaldstad,2024-08-20,Regular
997,Jeremy,Ramirez,roymiller@example.org,001-997-769-3158x325,Alicialand,2024-03-28,Regular
998,Cynthia,Glass,qthompson@example.net,767-632-2467,Waltermouth,2024-03-01,Regular
999,Olivia,Beard,scottjacqueline@example.com,465-288-5924x6218,East Joshua,2024-12-16,Premium
1000,Nicholas,Barton,lisaanderson@example.org,001-826-238-3117x3469,New Jean,2024-01-13,VIP
